Tamanrasset,Algeria,"TAMANRASSET, AG",GHCND:AG000060680,"{'jan': 0.3, 'feb': 0.15, 'mar': 0.8, 'apr': 0.25, 'may': 0.7, 'jun': 1.8, 'jul': 1.1, 'aug': 1.5, 'sep': 1.25, 'oct': 0.9, 'nov': 0.4, 'dec': 0.3}","{'jan': 1.3, 'feb': 0.15, 'mar': 5.35, 'apr': 1.15, 'may': 2.9, 'jun': 5.03, 'jul': 5.63, 'aug': 8.31, 'sep': 4.66, 'oct': 5.31, 'nov': 1.2, 'dec': 0.65}"
Yerevan,Armenia,"ARMAVIR, AM",GHCND:AM000037787,"{'jan': 1.25, 'feb': 1.05, 'mar': 2.9, 'apr': 2.3, 'may': 3.1, 'jun': 1.45, 'jul': 0.8, 'aug': 0.45, 'sep': 0.65, 'oct': 1.9, 'nov': 1.55, 'dec': 1.6}","{'jan': 5.71, 'feb': 4.92, 'mar': 9.81, 'apr': 10.02, 'may': 14.26, 'jun': 10.68, 'jul': 3.89, 'aug': 2.08, 'sep': 2.19, 'oct': 9.83, 'nov': 6.44, 'dec': 7.18}"
Mendoza,Argentina,"SAN MARTIN, AR",GHCND:ARM00087416,"{'jan': 4.45, 'feb': 4.8, 'mar': 3.15, 'apr': 1.9, 'may': 1.45, 'jun': 0.45, 'jul': 0.3, 'aug': 0.6, 'sep': 0.75, 'oct': 1.65, 'nov': 2.6, 'dec': 3.2}","{'jan': 41.09, 'feb': 58.8, 'mar': 37.99, 'apr': 21.12, 'may': 14.04, 'jun': 2.58, 'jul': 1.36, 'aug': 3.69, 'sep': 3.02, 'oct': 9.91, 'nov': 29.61, 'dec': 27.11}"
Salta,Argentina,"SALTA AERO, AR",GHCND:AR000870470,"{'jan': 8.95, 'feb': 8.95, 'mar': 7.85, 'apr': 4.0, 'may': 1.45, 'jun': 0.35, 'jul': 0.6, 'aug': 0.4, 'sep': 0.9, 'oct': 1.85, 'nov': 4.4, 'dec': 8.1}","{'jan': 145.85, 'feb': 153.47, 'mar': 84.15, 'apr': 45.41, 'may': 7.38, 'jun': 1.76, 'jul': 8.48, 'aug': 6.04, 'sep': 3.51, 'oct': 12.46, 'nov': 45.9, 'dec': 102.96}"
San Juan,Argentina,"SAN JUAN, AR",GHCND:ARM00087311,"{'jan': 3.25, 'feb': 2.3, 'mar': 1.6, 'apr': 0.65, 'may': 0.8, 'jun': 0.25, 'jul': 0.15, 'aug': 0.3, 'sep': 0.45, 'oct': 0.5, 'nov': 1.15, 'dec': 1.8}","{'jan': 22.75, 'feb': 28.09, 'mar': 9.29, 'apr': 4.38, 'may': 2.99, 'jun': 1.21, 'jul': 0.38, 'aug': 2.28, 'sep': 4.88, 'oct': 8.55, 'nov': 7.52, 'dec': 41.2}"
Adelaide,Australia,"NORTH ADELAIDE, AS",GHCND:ASN00023011,"{'jan': 2.3, 'feb': 2.1, 'mar': 2.9, 'apr': 4.15, 'may': 6.55, 'jun': 6.7, 'jul': 8.5, 'aug': 8.05, 'sep': 6.9, 'oct': 3.85, 'nov': 3.9, 'dec': 3.65}","{'jan': 18.85, 'feb': 18.61, 'mar': 20.55, 'apr': 28.14, 'may': 39.38, 'jun': 52.0, 'jul': 47.65, 'aug': 42.91, 'sep': 36.16, 'oct': 21.53, 'nov': 22.15, 'dec': 24.11}"
Brisbane,Australia,"BRISBANE, AS",GHCND:ASN00040913,"{'jan': 8.55, 'feb': 10.55, 'mar': 9.95, 'apr': 6.75, 'may': 6.0, 'jun': 6.4, 'jul': 4.35, 'aug': 3.55, 'sep': 4.1, 'oct': 7.65, 'nov': 7.1, 'dec': 8.85}","{'jan': 149.22, 'feb': 191.01, 'mar': 133.73, 'apr': 63.23, 'may': 74.04, 'jun': 63.2, 'jul': 30.69, 'aug': 32.09, 'sep': 31.7, 'oct': 91.56, 'nov': 91.02, 'dec': 125.91}"
Darwin,Australia,"FORT HILL WHARF, AS",GHCND:ASN00014050,"{'jan': 10.75, 'feb': 9.55, 'mar': 8.25, 'apr': 4.05, 'may': 1.1, 'jun': 0.35, 'jul': 0.0, 'aug': 0.05, 'sep': 0.85, 'oct': 2.4, 'nov': 4.6, 'dec': 6.95}","{'jan': 250.65, 'feb': 226.12, 'mar': 148.78, 'apr': 59.92, 'may': 13.57, 'jun': 4.65, 'jul': 0.0, 'aug': 0.61, 'sep': 8.89, 'oct': 28.36, 'nov': 70.58, 'dec': 146.3}"
Melbourne,Australia,"MELBOURNE BOTANICAL GARDENS, AS",GHCND:ASN00086232,"{'jan': 5.15, 'feb': 4.05, 'mar': 4.8, 'apr': 6.3, 'may': 7.0, 'jun': 8.2, 'jul': 8.55, 'aug': 8.9, 'sep': 8.4, 'oct': 8.35, 'nov': 7.7, 'dec': 6.85}","{'jan': 42.87, 'feb': 40.39, 'mar': 36.36, 'apr': 49.11, 'may': 37.3, 'jun': 37.79, 'jul': 38.03, 'aug': 45.15, 'sep': 44.91, 'oct': 52.8, 'nov': 64.45, 'dec': 54.96}"
Perth,Australia,"PERTH METRO, AS",GHCND:ASN00009225,"{'jan': 1.65, 'feb': 1.4, 'mar': 2.5, 'apr': 4.65, 'may': 8.5, 'jun': 10.9, 'jul': 14.1, 'aug': 12.85, 'sep': 11.2, 'oct': 6.3, 'nov': 4.0, 'dec': 2.2}","{'jan': 15.07, 'feb': 17.85, 'mar': 20.31, 'apr': 41.27, 'may': 88.14, 'jun': 116.88, 'jul': 136.33, 'aug': 119.57, 'sep': 75.89, 'oct': 37.1, 'nov': 27.51, 'dec': 12.04}"
Sydney,Australia,"SYDNEY BOTANIC GARDENS, AS",GHCND:ASN00066006,"{'jan': 6.4, 'feb': 7.25, 'mar': 9.25, 'apr': 6.2, 'may': 4.85, 'jun': 7.6, 'jul': 5.5, 'aug': 4.15, 'sep': 4.6, 'oct': 5.7, 'nov': 5.95, 'dec': 5.95}","{'jan': 70.59, 'feb': 111.12, 'mar': 146.55, 'apr': 90.49, 'may': 59.88, 'jun': 121.09, 'jul': 64.06, 'aug': 56.72, 'sep': 40.18, 'oct': 65.0, 'nov': 62.9, 'dec': 54.23}"
Sarajevo,Bosnia and Herzegovina,"SARAJEVO, BK",GHCND:BKM00014654,"{'jan': 11.0, 'feb': 9.7, 'mar': 9.2, 'apr': 9.9, 'may': 11.55, 'jun': 10.05, 'jul': 8.3, 'aug': 7.2, 'sep': 8.25, 'oct': 8.2, 'nov': 8.5, 'dec': 10.5}","{'jan': 76.39, 'feb': 69.75, 'mar': 68.66, 'apr': 71.63, 'may': 93.92, 'jun': 85.48, 'jul': 75.03, 'aug': 62.84, 'sep': 74.19, 'oct': 84.67, 'nov': 84.7, 'dec': 87.92}"
La Paz,Bolivia,"EL ALTO INTERNATIONAL, BL",GHCND:BLM00085201,"{'jan': 16.7, 'feb': 14.15, 'mar': 11.8, 'apr': 6.35, 'may': 2.2, 'jun': 1.25, 'jul': 1.7, 'aug': 1.5, 'sep': 5.2, 'oct': 6.7, 'nov': 6.7, 'dec': 13.25}","{'jan': 115.37, 'feb': 106.26, 'mar': 78.81, 'apr': 32.94, 'may': 9.53, 'jun': 4.82, 'jul': 7.99, 'aug': 18.89, 'sep': 27.97, 'oct': 42.05, 'nov': 39.46, 'dec': 105.39}"
Sucre,Bolivia,"JUANA AZURDUY DE PADILLA, BL",GHCND:BLM00085283,"{'jan': 6.8, 'feb': 5.9, 'mar': 4.65, 'apr': 2.45, 'may': 0.45, 'jun': 0.1, 'jul': 0.35, 'aug': 0.75, 'sep': 1.75, 'oct': 2.95, 'nov': 3.6, 'dec': 5.2}","{'jan': 71.08, 'feb': 58.66, 'mar': 41.74, 'apr': 20.09, 'may': 2.91, 'jun': 0.23, 'jul': 6.37, 'aug': 3.35, 'sep': 14.03, 'oct': 21.97, 'nov': 32.16, 'dec': 49.05}"
Minsk,Belarus,"MINSK, BO",GHCND:BOM00026850,"{'jan': 10.9, 'feb': 8.15, 'mar': 6.45, 'apr': 5.3, 'may': 5.75, 'jun': 5.4, 'jul': 5.6, 'aug': 5.4, 'sep': 4.0, 'oct': 5.95, 'nov': 9.2, 'dec': 9.95}","{'jan': 48.62, 'feb': 34.4, 'mar': 31.24, 'apr': 31.22, 'may': 45.21, 'jun': 42.78, 'jul': 63.39, 'aug': 52.76, 'sep': 28.92, 'oct': 38.74, 'nov': 41.29, 'dec': 41.99}"
Belo Horizonte,Brazil,"BELO HORIZONTE CONFINS, BR",GHCND:BRM00083566,"{'jan': 7.65, 'feb': 6.8, 'mar': 6.25, 'apr': 2.65, 'may': 2.0, 'jun': 0.65, 'jul': 0.3, 'aug': 0.75, 'sep': 2.45, 'oct': 5.1, 'nov': 9.25, 'dec': 11.15}","{'jan': 107.75, 'feb': 92.31, 'mar': 95.45, 'apr': 20.9, 'may': 13.02, 'jun': 2.66, 'jul': 1.61, 'aug': 3.6, 'sep': 21.18, 'oct': 74.7, 'nov': 126.99, 'dec': 160.55}"
Rio de Janeiro,Brazil,"GALEAO ANTONIO CARLOS JOBIM, BR",GHCND:BRM00083746,"{'jan': 4.2, 'feb': 3.8, 'mar': 2.85, 'apr': 2.5, 'may': 2.35, 'jun': 2.35, 'jul': 1.45, 'aug': 2.45, 'sep': 4.05, 'oct': 3.8, 'nov': 4.65, 'dec': 4.35}","{'jan': 46.81, 'feb': 50.67, 'mar': 36.54, 'apr': 27.17, 'may': 17.45, 'jun': 15.76, 'jul': 8.61, 'aug': 15.62, 'sep': 25.32, 'oct': 28.67, 'nov': 45.78, 'dec': 49.89}"
Calgary,Canada,"CALGARY INTERNATIONAL CS, CA",GHCND:CA003031094,"{'jan': 2.2, 'feb': 3.1, 'mar': 4.15, 'apr': 4.75, 'may': 6.5, 'jun': 9.3, 'jul': 6.1, 'aug': 6.45, 'sep': 5.35, 'oct': 4.1, 'nov': 2.85, 'dec': 3.45}","{'jan': 6.77, 'feb': 10.22, 'mar': 13.95, 'apr': 24.0, 'may': 45.72, 'jun': 92.1, 'jul': 44.81, 'aug': 45.0, 'sep': 28.19, 'oct': 18.75, 'nov': 11.45, 'dec': 10.57}"
Edmonton,Canada,"EDMONTON MUNICIPAL CR10, CA",GHCND:CA003012209,"{'jan': 2.7, 'feb': 2.6, 'mar': 3.0, 'apr': 2.65, 'may': 5.8, 'jun': 8.6, 'jul': 10.0, 'aug': 6.75, 'sep': 5.0, 'oct': 2.65, 'nov': 2.7, 'dec': 2.25}","{'jan': 10.18, 'feb': 7.6, 'mar': 12.29, 'apr': 14.07, 'may': 41.62, 'jun': 59.23, 'jul': 81.01, 'aug': 47.36, 'sep': 28.5, 'oct': 12.46, 'nov': 10.14, 'dec': 8.33}"
Halifax,Canada,"HALIFAX 2.2 SW, CA",GHCND:CA1NS000036,"{'jan': 4.65, 'feb': 4.45, 'mar': 4.45, 'apr': 5.1, 'may': 3.55, 'jun': 3.5, 'jul': 3.4, 'aug': 2.5, 'sep': 2.1, 'oct': 3.6, 'nov': 5.25, 'dec': 6.4}","{'jan': 69.02, 'feb': 64.58, 'mar': 63.01, 'apr': 56.62, 'may': 35.41, 'jun': 45.13, 'jul': 29.87, 'aug': 29.34, 'sep': 33.52, 'oct': 59.93, 'nov': 76.67, 'dec': 93.01}"
Montreal,Canada,"MCTAVISH, CA",GHCND:CA007024745,"{'jan': 11.15, 'feb': 10.85, 'mar': 11.0, 'apr': 11.4, 'may': 10.85, 'jun': 10.5, 'jul': 10.0, 'aug': 9.6, 'sep': 8.65, 'oct': 10.35, 'nov': 10.6, 'dec': 13.85}","{'jan': 71.23, 'feb': 71.2, 'mar': 75.78, 'apr': 106.3, 'may': 84.04, 'jun': 99.96, 'jul': 97.55, 'aug': 109.57, 'sep': 88.09, 'oct': 119.67, 'nov': 81.37, 'dec': 113.04}"
Ottawa,Canada,"OTTAWA CDA, CA",GHCND:CA006105976,"{'jan': 10.25, 'feb': 8.8, 'mar': 8.4, 'apr': 10.35, 'may': 10.1, 'jun': 11.1, 'jul': 9.7, 'aug': 9.85, 'sep': 8.75, 'oct': 11.25, 'nov': 9.65, 'dec': 12.0}","{'jan': 54.86, 'feb': 51.28, 'mar': 59.52, 'apr': 83.03, 'may': 78.49, 'jun': 92.98, 'jul': 94.49, 'aug': 97.48, 'sep': 87.98, 'oct': 95.34, 'nov': 66.23, 'dec': 81.84}"
Saskatoon,Canada,"SASKATOON RCS, CA",GHCND:CA004057165,"{'jan': 2.5, 'feb': 1.64, 'mar': 2.43, 'apr': 2.93, 'may': 4.86, 'jun': 7.93, 'jul': 7.79, 'aug': 5.14, 'sep': 3.43, 'oct': 3.64, 'nov': 3.93, 'dec': 1.5}","{'jan': 7.24, 'feb': 5.31, 'mar': 6.94, 'apr': 18.08, 'may': 40.59, 'jun': 74.91, 'jul': 50.64, 'aug': 34.47, 'sep': 21.65, 'oct': 15.68, 'nov': 14.42, 'dec': 5.71}"
Toronto,Canada,"TORONTO CITY, CA",GHCND:CA006158355,"{'jan': 9.4, 'feb': 8.7, 'mar': 7.65, 'apr': 9.1, 'may': 8.0, 'jun': 8.25, 'jul': 7.3, 'aug': 6.25, 'sep': 7.1, 'oct': 9.5, 'nov': 8.2, 'dec': 9.75}","{'jan': 58.97, 'feb': 55.3, 'mar': 49.56, 'apr': 72.78, 'may': 61.79, 'jun': 79.7, 'jul': 77.33, 'aug': 63.56, 'sep': 66.15, 'oct': 74.31, 'nov': 62.68, 'dec': 68.32}"
Vancouver,Canada,VANCOUVER HARBOUR CS,GHCND:CA001108446,"{'jan': 15.45, 'feb': 12.8, 'mar': 15.3, 'apr': 11.3, 'may': 8.25, 'jun': 6.7, 'jul': 3.35, 'aug': 4.35, 'sep': 7.55, 'oct': 12.4, 'nov': 16.7, 'dec': 16.7}","{'jan': 212.04, 'feb': 103.02, 'mar': 160.58, 'apr': 96.24, 'may': 62.07, 'jun': 44.81, 'jul': 25.41, 'aug': 36.61, 'sep': 85.04, 'oct': 150.04, 'nov': 244.4, 'dec': 195.95}"
Winnipeg,Canada,"WINNIPEG THE FORKS, CA",GHCND:CA005023262,"{'jan': 4.45, 'feb': 3.75, 'mar': 4.45, 'apr': 5.5, 'may': 8.2, 'jun': 9.1, 'jul': 7.7, 'aug': 6.9, 'sep': 6.4, 'oct': 6.25, 'nov': 4.8, 'dec': 4.85}","{'jan': 18.59, 'feb': 13.09, 'mar': 25.06, 'apr': 34.88, 'may': 72.54, 'jun': 82.44, 'jul': 65.86, 'aug': 68.17, 'sep': 49.6, 'oct': 41.55, 'nov': 22.27, 'dec': 21.16}"
Colombo,Sri Lanka,"COLOMBO, CE",GHCND:CEM00043466,"{'jan': 3.3, 'feb': 3.25, 'mar': 5.9, 'apr': 9.25, 'may': 12.1, 'jun': 10.85, 'jul': 6.8, 'aug': 7.35, 'sep': 10.7, 'oct': 12.5, 'nov': 11.15, 'dec': 7.3}","{'jan': 48.08, 'feb': 53.42, 'mar': 99.84, 'apr': 215.29, 'may': 226.8, 'jun': 131.03, 'jul': 74.13, 'aug': 83.78, 'sep': 179.81, 'oct': 211.18, 'nov': 244.98, 'dec': 158.03}"
Changsha,China,"CHANGSHA, CH",GHCND:CHM00057687,"{'jan': 10.15, 'feb': 11.7, 'mar': 13.9, 'apr': 12.9, 'may': 13.4, 'jun': 11.6, 'jul': 6.8, 'aug': 7.65, 'sep': 6.3, 'oct': 6.65, 'nov': 9.25, 'dec': 7.45}","{'jan': 73.21, 'feb': 95.49, 'mar': 150.73, 'apr': 162.51, 'may': 224.85, 'jun': 213.65, 'jul': 145.9, 'aug': 97.96, 'sep': 75.68, 'oct': 53.41, 'nov': 87.28, 'dec': 53.48}"
Harbin,China,"HARBIN, CH",GHCND:CHM00050953,"{'jan': 1.45, 'feb': 1.6, 'mar': 3.6, 'apr': 4.2, 'may': 8.6, 'jun': 11.0, 'jul': 11.35, 'aug': 9.1, 'sep': 6.8, 'oct': 4.3, 'nov': 3.55, 'dec': 2.6}","{'jan': 4.09, 'feb': 5.61, 'mar': 13.32, 'apr': 20.37, 'may': 65.84, 'jun': 113.82, 'jul': 129.28, 'aug': 106.32, 'sep': 56.72, 'oct': 20.7, 'nov': 20.75, 'dec': 8.69}"
Kunming,China,"KUNMING, CH",GHCND:CHM00056778,"{'jan': 2.9, 'feb': 1.7, 'mar': 3.1, 'apr': 5.15, 'may': 7.6, 'jun': 13.3, 'jul': 15.3, 'aug': 14.8, 'sep': 10.35, 'oct': 8.6, 'nov': 3.05, 'dec': 2.7}","{'jan': 26.6, 'feb': 9.35, 'mar': 20.82, 'apr': 34.5, 'may': 73.0, 'jun': 176.64, 'jul': 204.98, 'aug': 192.33, 'sep': 134.74, 'oct': 77.18, 'nov': 23.41, 'dec': 16.18}"
Lhasa,China,"LHASA, CH",GHCND:CHM00055591,"{'jan': 0.35, 'feb': 0.6, 'mar': 1.25, 'apr': 2.4, 'may': 6.15, 'jun': 11.35, 'jul': 16.9, 'aug': 15.3, 'sep': 9.9, 'oct': 1.5, 'nov': 0.45, 'dec': 0.3}","{'jan': 2.31, 'feb': 6.29, 'mar': 3.65, 'apr': 10.53, 'may': 37.1, 'jun': 84.42, 'jul': 144.06, 'aug': 130.75, 'sep': 56.03, 'oct': 6.42, 'nov': 1.59, 'dec': 7.12}"
Shanghai,China,"SHANGHAI HONGQIAO, CH",GHCND:CHM00058367,"{'jan': 1.05, 'feb': 0.65, 'mar': 0.75, 'apr': 1.0, 'may': 0.5, 'jun': 1.4, 'jul': 0.9, 'aug': 1.1, 'sep': 1.1, 'oct': 0.65, 'nov': 0.45, 'dec': 0.55}","{'jan': 7.65, 'feb': 5.14, 'mar': 6.83, 'apr': 7.58, 'may': 6.67, 'jun': 28.12, 'jul': 14.37, 'aug': 28.07, 'sep': 15.28, 'oct': 9.19, 'nov': 5.65, 'dec': 3.42}"
Santiago,Chile,"QUINTA NORMAL, CI",GHCND:CIM00085577,"{'jan': 0.2, 'feb': 0.15, 'mar': 0.35, 'apr': 0.5, 'may': 2.25, 'jun': 3.2, 'jul': 2.65, 'aug': 2.2, 'sep': 1.55, 'oct': 1.15, 'nov': 0.15, 'dec': 0.15}","{'jan': 2.56, 'feb': 0.67, 'mar': 1.29, 'apr': 3.25, 'may': 23.95, 'jun': 40.17, 'jul': 24.09, 'aug': 26.72, 'sep': 8.67, 'oct': 10.4, 'nov': 0.97, 'dec': 1.25}"
Nicosia,Cyprus,"NICOSIA, CY",GHCND:CYE00100074,"{'jan': 6.8, 'feb': 6.4, 'mar': 5.4, 'apr': 2.6, 'may': 2.35, 'jun': 0.95, 'jul': 0.55, 'aug': 0.2, 'sep': 0.8, 'oct': 3.05, 'nov': 4.25, 'dec': 6.4}","{'jan': 51.79, 'feb': 41.92, 'mar': 34.16, 'apr': 13.85, 'may': 25.75, 'jun': 8.0, 'jul': 5.32, 'aug': 1.15, 'sep': 5.48, 'oct': 17.84, 'nov': 40.73, 'dec': 53.26}"
Copenhagen,Denmark,"KOEBENHAVN BOTANISK HAVE, DA",GHCND:DA000030370,"{'jan': 11.05, 'feb': 8.6, 'mar': 8.05, 'apr': 6.6, 'may': 8.4, 'jun': 9.1, 'jul': 9.25, 'aug': 10.35, 'sep': 8.4, 'oct': 11.15, 'nov': 10.9, 'dec': 11.8}","{'jan': 54.95, 'feb': 37.03, 'mar': 40.72, 'apr': 31.36, 'may': 42.68, 'jun': 60.75, 'jul': 73.26, 'aug': 85.83, 'sep': 53.4, 'oct': 70.64, 'nov': 60.2, 'dec': 59.46}"
Prague,Czech Republic,"PRAHA LIBUS, EZ",GHCND:EZM00011520,"{'jan': 9.65, 'feb': 6.45, 'mar': 6.8, 'apr': 7.85, 'may': 10.5, 'jun': 10.35, 'jul': 9.75, 'aug': 9.6, 'sep': 7.25, 'oct': 7.0, 'nov': 6.75, 'dec': 7.5}","{'jan': 55.24, 'feb': 42.47, 'mar': 29.94, 'apr': 40.38, 'may': 78.72, 'jun': 95.98, 'jul': 80.91, 'aug': 82.74, 'sep': 44.11, 'oct': 36.09, 'nov': 28.18, 'dec': 35.23}"
Helsinki,Finland,"HELSINKI KAISANIEMI AWS, FI",GHCND:FI000000304,"{'jan': 12.25, 'feb': 8.45, 'mar': 7.5, 'apr': 7.35, 'may': 7.5, 'jun': 7.95, 'jul': 7.7, 'aug': 10.45, 'sep': 8.9, 'oct': 10.6, 'nov': 12.2, 'dec': 12.6}","{'jan': 56.8, 'feb': 39.71, 'mar': 32.32, 'apr': 32.1, 'may': 44.61, 'jun': 60.6, 'jul': 55.51, 'aug': 88.55, 'sep': 60.12, 'oct': 72.99, 'nov': 67.62, 'dec': 64.81}"
Kuopio,Finland,"SIILINJARVI KUOPION LENTOASEMA, FI",GHCND:FIE00144702,"{'jan': 1.3, 'feb': 0.85, 'mar': 0.8, 'apr': 0.3, 'may': 1.25, 'jun': 1.1, 'jul': 0.85, 'aug': 1.35, 'sep': 1.05, 'oct': 1.0, 'nov': 1.0, 'dec': 1.25}","{'jan': 4.76, 'feb': 3.51, 'mar': 2.56, 'apr': 1.12, 'may': 7.96, 'jun': 5.64, 'jul': 11.04, 'aug': 9.77, 'sep': 6.03, 'oct': 5.76, 'nov': 4.65, 'dec': 6.9}"
Oulu,Finland,OULU VIHREASAARI,GHCND:FIE00145661,"{'jan': 0.0, 'feb': 0.0, 'mar': 0.0, 'apr': 0.0, 'may': 0.0, 'jun': 0.0, 'jul': 0.0, 'aug': 0.0, 'sep': 0.0, 'oct': 0.0, 'nov': 0.0, 'dec': 0.0}","{'jan': 0.0, 'feb': 0.0, 'mar': 0.0, 'apr': 0.0, 'may': 0.0, 'jun': 0.0, 'jul': 0.0, 'aug': 0.0, 'sep': 0.0, 'oct': 0.0, 'nov': 0.0, 'dec': 0.0}"
Paris,France,"PARIS MONTSOURIS, FR",GHCND:FRM00007156,"{'jan': 8.4, 'feb': 8.2, 'mar': 8.6, 'apr': 5.6, 'may': 8.3, 'jun': 7.6, 'jul': 5.55, 'aug': 6.85, 'sep': 5.9, 'oct': 8.45, 'nov': 9.1, 'dec': 10.6}","{'jan': 38.72, 'feb': 39.23, 'mar': 40.77, 'apr': 28.49, 'may': 64.6, 'jun': 51.68, 'jul': 44.72, 'aug': 55.65, 'sep': 35.22, 'oct': 46.66, 'nov': 46.37, 'dec': 56.54}"
Accra,Ghana,"KOTOKA INTERNATIONAL, GH",GHCND:GHM00065472,"{'jan': 0.45, 'feb': 0.95, 'mar': 1.1, 'apr': 2.15, 'may': 3.45, 'jun': 5.45, 'jul': 2.85, 'aug': 2.35, 'sep': 3.1, 'oct': 3.4, 'nov': 1.4, 'dec': 0.35}","{'jan': 4.59, 'feb': 18.01, 'mar': 15.79, 'apr': 34.26, 'may': 61.16, 'jun': 111.3, 'jul': 27.45, 'aug': 14.34, 'sep': 25.61, 'oct': 40.89, 'nov': 20.51, 'dec': 11.5}"
Berlin,Germany,"BERLIN TEMPELHOF, GM",GHCND:GME00111445,"{'jan': 11.1, 'feb': 7.2, 'mar': 8.15, 'apr': 5.95, 'may': 8.0, 'jun': 7.45, 'jul': 9.4, 'aug': 8.45, 'sep': 7.1, 'oct': 8.5, 'nov': 8.55, 'dec': 10.55}","{'jan': 51.09, 'feb': 32.52, 'mar': 32.15, 'apr': 25.54, 'may': 48.06, 'jun': 56.92, 'jul': 75.3, 'aug': 55.82, 'sep': 43.95, 'oct': 42.97, 'nov': 42.4, 'dec': 42.34}"
Frankfurt,Germany,"FRANKFURT MAIN WESTEND, GM",GHCND:GME00122362,"{'jan': 10.55, 'feb': 8.55, 'mar': 7.8, 'apr': 6.3, 'may': 9.95, 'jun': 8.85, 'jul': 8.55, 'aug': 9.25, 'sep': 6.95, 'oct': 8.5, 'nov': 9.5, 'dec': 11.65}","{'jan': 53.19, 'feb': 41.81, 'mar': 36.65, 'apr': 36.2, 'may': 65.63, 'jun': 64.19, 'jul': 59.86, 'aug': 65.69, 'sep': 45.15, 'oct': 46.22, 'nov': 46.47, 'dec': 60.36}"
Budapest,Hungary,"BUDAPEST, HU",GHCND:HUE00100247,"{'jan': 6.95, 'feb': 7.05, 'mar': 6.0, 'apr': 5.3, 'may': 8.2, 'jun': 6.45, 'jul': 6.4, 'aug': 5.15, 'sep': 5.5, 'oct': 5.6, 'nov': 6.55, 'dec': 6.75}","{'jan': 37.45, 'feb': 34.74, 'mar': 35.67, 'apr': 28.71, 'may': 60.14, 'jun': 54.13, 'jul': 52.24, 'aug': 58.43, 'sep': 45.43, 'oct': 39.85, 'nov': 41.17, 'dec': 36.06}"
Jayapura,Indonesia,JAYAPURA DOK II,GHCND:IDM00097698,"{'jan': 0.0, 'feb': 0.0, 'mar': 0.0, 'apr': 0.0, 'may': 0.0, 'jun': 0.0, 'jul': 0.0, 'aug': 0.0, 'sep': 0.0, 'oct': 0.0, 'nov': 0.0, 'dec': 0.0}","{'jan': 0.0, 'feb': 0.0, 'mar': 0.0, 'apr': 0.0, 'may': 0.0, 'jun': 0.0, 'jul': 0.0, 'aug': 0.0, 'sep': 0.0, 'oct': 0.0, 'nov': 0.0, 'dec': 0.0}"
Makassar,Indonesia,"UJANG PANDANG PAOTERE, ID",GHCND:IDM00097182,"{'jan': 2.3, 'feb': 1.6, 'mar': 1.45, 'apr': 0.4, 'may': 0.4, 'jun': 0.35, 'jul': 0.15, 'aug': 0.1, 'sep': 0.1, 'oct': 0.05, 'nov': 0.55, 'dec': 2.1}","{'jan': 58.2, 'feb': 30.46, 'mar': 28.19, 'apr': 10.32, 'may': 5.54, 'jun': 1.77, 'jul': 0.34, 'aug': 2.4, 'sep': 0.17, 'oct': 2.07, 'nov': 7.9, 'dec': 45.58}"
Medan,Indonesia,"POLONIA, ID",GHCND:IDM00096035,"{'jan': 1.1, 'feb': 0.7, 'mar': 0.65, 'apr': 0.95, 'may': 1.1, 'jun': 1.15, 'jul': 1.3, 'aug': 0.75, 'sep': 1.35, 'oct': 1.2, 'nov': 1.25, 'dec': 1.3}","{'jan': 20.08, 'feb': 6.65, 'mar': 6.12, 'apr': 13.32, 'may': 13.91, 'jun': 22.84, 'jul': 22.83, 'aug': 15.07, 'sep': 27.81, 'oct': 21.57, 'nov': 16.06, 'dec': 16.82}"
New Delhi,India,"NEW DELHI SAFDARJUN, IN",GHCND:IN022021900,"{'jan': 2.35, 'feb': 2.25, 'mar': 2.05, 'apr': 1.7, 'may': 2.45, 'jun': 4.55, 'jul': 9.2, 'aug': 9.4, 'sep': 5.35, 'oct': 0.75, 'nov': 0.45, 'dec': 0.9}","{'jan': 23.09, 'feb': 20.43, 'mar': 24.05, 'apr': 10.25, 'may': 29.89, 'jun': 56.22, 'jul': 175.52, 'aug': 167.15, 'sep': 101.27, 'oct': 20.92, 'nov': 1.44, 'dec': 11.17}"
Milan,Italy,"CAMERI, IT",GHCND:ITM00016064,"{'jan': 1.2, 'feb': 2.15, 'mar': 2.05, 'apr': 3.0, 'may': 3.7, 'jun': 2.5, 'jul': 2.05, 'aug': 1.7, 'sep': 1.7, 'oct': 2.85, 'nov': 3.85, 'dec': 1.45}","{'jan': 9.33, 'feb': 20.06, 'mar': 19.44, 'apr': 37.4, 'may': 40.94, 'jun': 22.5, 'jul': 23.48, 'aug': 23.76, 'sep': 14.75, 'oct': 36.26, 'nov': 52.64, 'dec': 13.89}"
Palermo,Italy,"PALERMO, IT",GHCND:ITE00105250,"{'jan': 8.45, 'feb': 6.25, 'mar': 5.85, 'apr': 6.55, 'may': 3.15, 'jun': 1.65, 'jul': 0.75, 'aug': 1.6, 'sep': 5.25, 'oct': 5.9, 'nov': 8.1, 'dec': 10.0}","{'jan': 61.11, 'feb': 46.65, 'mar': 39.5, 'apr': 40.89, 'may': 22.05, 'jun': 10.54, 'jul': 4.92, 'aug': 20.86, 'sep': 53.93, 'oct': 61.69, 'nov': 66.06, 'dec': 73.17}"
Fukuoka,Japan,"IIZUKA, JA",GHCND:JA000047809,"{'jan': 8.2, 'feb': 8.95, 'mar': 8.6, 'apr': 7.75, 'may': 7.3, 'jun': 9.8, 'jul': 11.4, 'aug': 8.6, 'sep': 9.6, 'oct': 5.85, 'nov': 8.05, 'dec': 9.15}","{'jan': 64.76, 'feb': 80.94, 'mar': 106.84, 'apr': 115.63, 'may': 126.56, 'jun': 227.76, 'jul': 330.1, 'aug': 239.57, 'sep': 187.32, 'oct': 93.78, 'nov': 82.55, 'dec': 74.03}"
Hiroshima,Japan,"HIROSHIMA, JA",GHCND:JA000047765,"{'jan': 4.75, 'feb': 5.75, 'mar': 8.25, 'apr': 8.5, 'may': 7.8, 'jun': 9.8, 'jul': 10.5, 'aug': 6.9, 'sep': 8.3, 'oct': 5.9, 'nov': 5.8, 'dec': 5.4}","{'jan': 37.33, 'feb': 60.61, 'mar': 106.7, 'apr': 146.96, 'may': 151.89, 'jun': 217.69, 'jul': 281.23, 'aug': 147.85, 'sep': 163.17, 'oct': 102.12, 'nov': 65.23, 'dec': 60.04}"
Kyoto,Japan,"KYOTO, JA",GHCND:JA000047759,"{'jan': 5.6, 'feb': 6.5, 'mar': 8.55, 'apr': 8.75, 'may': 8.0, 'jun': 9.9, 'jul': 12.0, 'aug': 8.15, 'sep': 9.55, 'oct': 7.65, 'nov': 6.2, 'dec': 6.3}","{'jan': 45.91, 'feb': 64.52, 'mar': 98.44, 'apr': 129.13, 'may': 130.85, 'jun': 160.5, 'jul': 238.82, 'aug': 174.72, 'sep': 182.21, 'oct': 133.04, 'nov': 73.5, 'dec': 60.82}"
Tokyo,Japan,"TOKYO, JA",GHCND:JA000047662,"{'jan': 3.55, 'feb': 5.45, 'mar': 8.3, 'apr': 9.15, 'may': 9.1, 'jun': 11.2, 'jul': 11.3, 'aug': 7.7, 'sep': 10.8, 'oct': 9.75, 'nov': 7.25, 'dec': 5.25}","{'jan': 44.92, 'feb': 60.17, 'mar': 107.47, 'apr': 142.22, 'may': 134.52, 'jun': 153.11, 'jul': 130.49, 'aug': 147.86, 'sep': 218.8, 'oct': 233.11, 'nov': 98.56, 'dec': 62.58}"
Seoul,South Korea,"SEOUL CITY, KS",GHCND:KSM00047108,"{'jan': 3.05, 'feb': 3.6, 'mar': 4.55, 'apr': 6.2, 'may': 5.9, 'jun': 6.8, 'jul': 11.95, 'aug': 10.6, 'sep': 6.05, 'oct': 4.1, 'nov': 5.5, 'dec': 4.0}","{'jan': 23.72, 'feb': 25.77, 'mar': 42.17, 'apr': 65.92, 'may': 95.28, 'jun': 133.26, 'jul': 434.74, 'aug': 266.08, 'sep': 145.95, 'oct': 47.71, 'nov': 49.11, 'dec': 19.33}"
Riga,Latvia,"JELGAVA, LG",GHCND:LG000026425,"{'jan': 0.35, 'feb': 0.2, 'mar': 0.15, 'apr': 0.25, 'may': 0.1, 'jun': 0.0, 'jul': 0.0, 'aug': 0.25, 'sep': 0.1, 'oct': 0.0, 'nov': 0.4, 'dec': 0.45}","{'jan': 1.4, 'feb': 1.35, 'mar': 0.42, 'apr': 0.87, 'may': 0.2, 'jun': 0.01, 'jul': 0.0, 'aug': 2.26, 'sep': 0.16, 'oct': 0.07, 'nov': 1.76, 'dec': 1.23}"
Vilnius,Lithuania,"VILNIUS, LH",GHCND:LH000026730,"{'jan': 9.85, 'feb': 7.35, 'mar': 6.35, 'apr': 4.5, 'may': 6.2, 'jun': 4.25, 'jul': 5.65, 'aug': 4.7, 'sep': 3.95, 'oct': 6.85, 'nov': 7.55, 'dec': 9.6}","{'jan': 42.04, 'feb': 30.71, 'mar': 27.55, 'apr': 27.24, 'may': 46.39, 'jun': 35.2, 'jul': 53.95, 'aug': 54.75, 'sep': 32.3, 'oct': 41.32, 'nov': 36.63, 'dec': 42.98}"
Tripoli,Libya,"TRIPOLI SIDI EL MESRI, LY",GHCND:LYE00147742,"{'jan': 1.45, 'feb': 0.95, 'mar': 0.55, 'apr': 0.15, 'may': 0.1, 'jun': 0.05, 'jul': 0.05, 'aug': 0.1, 'sep': 0.25, 'oct': 0.8, 'nov': 0.95, 'dec': 2.2}","{'jan': 12.02, 'feb': 6.72, 'mar': 3.13, 'apr': 0.65, 'may': 0.29, 'jun': 0.17, 'jul': 0.2, 'aug': 0.48, 'sep': 2.25, 'oct': 5.79, 'nov': 7.69, 'dec': 29.69}"
Antananarivo,Madagascar,"ANTANANARIVO IVATO, MA",GHCND:MA000067083,"{'jan': 14.1, 'feb': 10.7, 'mar': 9.15, 'apr': 3.5, 'may': 1.1, 'jun': 1.25, 'jul': 0.75, 'aug': 0.65, 'sep': 0.5, 'oct': 2.4, 'nov': 5.05, 'dec': 9.3}","{'jan': 283.42, 'feb': 204.0, 'mar': 194.91, 'apr': 36.61, 'may': 7.44, 'jun': 6.23, 'jul': 5.02, 'aug': 2.58, 'sep': 3.1, 'oct': 29.47, 'nov': 93.24, 'dec': 206.6}"
Podgorica,Montenegro,"PODGORICA GRAD, MJ",GHCND:MJM00013463,"{'jan': 7.3, 'feb': 6.35, 'mar': 5.3, 'apr': 5.4, 'may': 5.25, 'jun': 3.35, 'jul': 1.65, 'aug': 1.65, 'sep': 3.3, 'oct': 4.7, 'nov': 7.3, 'dec': 7.85}","{'jan': 157.26, 'feb': 132.66, 'mar': 135.96, 'apr': 83.23, 'may': 69.86, 'jun': 43.86, 'jul': 21.74, 'aug': 23.77, 'sep': 82.25, 'oct': 111.05, 'nov': 227.66, 'dec': 183.13}"
Chihuahua,Mexico,"CHIHUAHUA, MX",GHCND:MXM00076225,"{'jan': 0.75, 'feb': 0.55, 'mar': 0.6, 'apr': 0.45, 'may': 1.3, 'jun': 2.65, 'jul': 6.05, 'aug': 5.6, 'sep': 5.05, 'oct': 2.05, 'nov': 0.9, 'dec': 0.75}","{'jan': 4.38, 'feb': 1.45, 'mar': 3.25, 'apr': 2.87, 'may': 10.07, 'jun': 21.91, 'jul': 55.07, 'aug': 46.5, 'sep': 48.08, 'oct': 17.95, 'nov': 6.63, 'dec': 4.81}"
La Paz,Mexico,"LA PAZ CITY, MX",GHCND:MXM00076405,"{'jan': 0.5, 'feb': 0.45, 'mar': 0.2, 'apr': 0.05, 'may': 0.0, 'jun': 0.2, 'jul': 1.2, 'aug': 3.45, 'sep': 3.3, 'oct': 1.65, 'nov': 0.5, 'dec': 0.45}","{'jan': 3.19, 'feb': 1.13, 'mar': 0.34, 'apr': 0.26, 'may': 0.03, 'jun': 1.15, 'jul': 10.59, 'aug': 30.67, 'sep': 68.51, 'oct': 22.73, 'nov': 6.23, 'dec': 6.48}"
Mexicali,Mexico,"EL CENTRO 2 SSW, CA US",GHCND:USC00042713,"{'jan': 1.2, 'feb': 1.25, 'mar': 0.8, 'apr': 0.45, 'may': 0.15, 'jun': 0.05, 'jul': 0.6, 'aug': 1.05, 'sep': 0.75, 'oct': 0.55, 'nov': 0.55, 'dec': 1.45}","{'jan': 8.26, 'feb': 8.4, 'mar': 5.3, 'apr': 2.08, 'may': 0.97, 'jun': 0.09, 'jul': 2.96, 'aug': 6.61, 'sep': 4.82, 'oct': 4.23, 'nov': 6.06, 'dec': 9.9}"
Mexico City,Mexico,"MEXICO CITY, MX",GHCND:MXM00076680,"{'jan': 0.35, 'feb': 0.4, 'mar': 1.1, 'apr': 2.2, 'may': 4.4, 'jun': 6.6, 'jul': 10.25, 'aug': 9.45, 'sep': 6.4, 'oct': 3.3, 'nov': 0.95, 'dec': 0.3}","{'jan': 2.25, 'feb': 2.97, 'mar': 5.11, 'apr': 15.02, 'may': 34.04, 'jun': 68.93, 'jul': 90.8, 'aug': 83.73, 'sep': 72.73, 'oct': 28.97, 'nov': 6.36, 'dec': 2.01}"
Toluca,Mexico,"TOLUCA OBS, MX",GHCND:MXM00076675,"{'jan': 1.3, 'feb': 1.25, 'mar': 2.6, 'apr': 4.4, 'may': 8.3, 'jun': 11.6, 'jul': 13.75, 'aug': 13.8, 'sep': 13.1, 'oct': 6.0, 'nov': 2.75, 'dec': 0.65}","{'jan': 7.54, 'feb': 10.59, 'mar': 18.21, 'apr': 32.63, 'may': 68.34, 'jun': 102.99, 'jul': 129.42, 'aug': 136.13, 'sep': 124.57, 'oct': 40.52, 'nov': 15.75, 'dec': 3.36}"
Veracruz,Mexico,"HACIENDA YLANG YLANG VERACRUZ, MX",GHCND:MXM00076692,"{'jan': 1.55, 'feb': 0.9, 'mar': 0.9, 'apr': 0.7, 'may': 2.0, 'jun': 9.9, 'jul': 11.6, 'aug': 12.55, 'sep': 14.2, 'oct': 7.75, 'nov': 5.0, 'dec': 1.3}","{'jan': 10.99, 'feb': 19.68, 'mar': 13.55, 'apr': 5.72, 'may': 25.84, 'jun': 236.54, 'jul': 263.44, 'aug': 285.45, 'sep': 360.16, 'oct': 181.37, 'nov': 72.86, 'dec': 8.94}"
Kano,Nigeria,"MALLAM AMINU INTERNATIONAL, NI",GHCND:NIM00065046,"{'jan': 0.0, 'feb': 0.25, 'mar': 0.25, 'apr': 0.15, 'may': 0.2, 'jun': 0.1, 'jul': 0.1, 'aug': 0.4, 'sep': 0.2, 'oct': 0.05, 'nov': 0.25, 'dec': 0.1}","{'jan': 0.0, 'feb': 20.88, 'mar': 18.77, 'apr': 10.12, 'may': 37.69, 'jun': 2.55, 'jul': 13.45, 'aug': 26.11, 'sep': 12.54, 'oct': 2.61, 'nov': 16.91, 'dec': 7.63}"
Makurdi,Nigeria,"MAKURDI, NI",GHCND:NIM00065271,"{'jan': 0.0, 'feb': 0.0, 'mar': 0.0, 'apr': 0.0, 'may': 0.0, 'jun': 0.05, 'jul': 0.0, 'aug': 0.0, 'sep': 0.0, 'oct': 0.05, 'nov': 0.0, 'dec': 0.0}","{'jan': 0.0, 'feb': 0.0, 'mar': 0.0, 'apr': 0.0, 'may': 0.0, 'jun': 8.99, 'jul': 0.0, 'aug': 0.0, 'sep': 0.0, 'oct': 0.1, 'nov': 0.0, 'dec': 0.0}"
Amsterdam,Netherlands,"SCHELLINGWOUDE, NL",GHCND:NLE00101920,"{'jan': 14.1, 'feb': 11.6, 'mar': 9.05, 'apr': 7.65, 'may': 8.9, 'jun': 9.5, 'jul': 11.55, 'aug': 12.2, 'sep': 10.05, 'oct': 11.7, 'nov': 13.75, 'dec': 14.4}","{'jan': 81.55, 'feb': 67.05, 'mar': 53.24, 'apr': 40.62, 'may': 57.1, 'jun': 70.59, 'jul': 86.21, 'aug': 102.94, 'sep': 76.99, 'oct': 89.76, 'nov': 86.0, 'dec': 83.27}"
Oslo,Norway,"OSLO BLINDERN, NO",GHCND:NOM00001492,"{'jan': 10.05, 'feb': 8.8, 'mar': 6.8, 'apr': 6.8, 'may': 10.5, 'jun': 9.8, 'jul': 11.25, 'aug': 11.95, 'sep': 9.0, 'oct': 10.75, 'nov': 11.3, 'dec': 10.5}","{'jan': 57.12, 'feb': 50.39, 'mar': 37.2, 'apr': 43.8, 'may': 66.36, 'jun': 83.94, 'jul': 97.77, 'aug': 109.76, 'sep': 80.74, 'oct': 93.77, 'nov': 80.86, 'dec': 56.94}"
Wellington,New Zealand,WELLINGTON AERO AWS,GHCND:NZM00093439,"{'jan': 5.6, 'feb': 6.0, 'mar': 6.7, 'apr': 7.35, 'may': 9.75, 'jun': 11.5, 'jul': 11.6, 'aug': 10.65, 'sep': 9.65, 'oct': 9.55, 'nov': 7.15, 'dec': 8.35}","{'jan': 52.63, 'feb': 72.25, 'mar': 65.97, 'apr': 70.45, 'may': 95.11, 'jun': 100.78, 'jul': 113.46, 'aug': 102.5, 'sep': 76.48, 'oct': 85.15, 'nov': 61.13, 'dec': 74.86}"
Piura,Peru,"CAPITAN FAP GUILLERMO CONCHA, PE",GHCND:PEM00084401,"{'jan': 1.0, 'feb': 2.85, 'mar': 3.6, 'apr': 1.05, 'may': 0.65, 'jun': 0.45, 'jul': 0.25, 'aug': 0.1, 'sep': 0.0, 'oct': 0.65, 'nov': 0.5, 'dec': 0.65}","{'jan': 3.36, 'feb': 24.28, 'mar': 42.74, 'apr': 4.38, 'may': 1.13, 'jun': 0.59, 'jul': 0.82, 'aug': 1.16, 'sep': 0.03, 'oct': 2.35, 'nov': 1.01, 'dec': 3.03}"
Lahore,Pakistan,"LAHORE CITY, PK",GHCND:PK000041640,"{'jan': 2.5, 'feb': 3.15, 'mar': 3.3, 'apr': 2.65, 'may': 2.8, 'jun': 4.35, 'jul': 8.1, 'aug': 7.8, 'sep': 4.95, 'oct': 1.2, 'nov': 0.7, 'dec': 1.0}","{'jan': 28.76, 'feb': 31.0, 'mar': 49.62, 'apr': 21.48, 'may': 42.89, 'jun': 80.92, 'jul': 202.02, 'aug': 148.65, 'sep': 111.4, 'oct': 13.05, 'nov': 9.66, 'dec': 12.25}"
Manila,Philippines,SCIENCE GARDEN,GHCND:RP000098430,"{'jan': 2.65, 'feb': 1.6, 'mar': 1.75, 'apr': 2.15, 'may': 7.6, 'jun': 12.3, 'jul': 17.65, 'aug': 16.85, 'sep': 15.45, 'oct': 11.55, 'nov': 7.5, 'dec': 6.25}","{'jan': 22.72, 'feb': 14.94, 'mar': 40.11, 'apr': 30.62, 'may': 128.62, 'jun': 245.6, 'jul': 385.17, 'aug': 478.64, 'sep': 386.82, 'oct': 201.39, 'nov': 94.92, 'dec': 72.72}"
San Juan,Puerto Rico,"RIO PIEDRAS EXPERIMENTAL STATION, US",GHCND:RQC00668306,"{'jan': 4.75, 'feb': 4.25, 'mar': 3.45, 'apr': 5.45, 'may': 6.25, 'jun': 6.05, 'jul': 5.7, 'aug': 6.05, 'sep': 7.05, 'oct': 7.0, 'nov': 5.95, 'dec': 5.55}","{'jan': 49.78, 'feb': 27.39, 'mar': 31.54, 'apr': 75.73, 'may': 105.46, 'jun': 73.12, 'jul': 80.01, 'aug': 90.81, 'sep': 104.58, 'oct': 81.21, 'nov': 88.46, 'dec': 81.16}"
Moscow,Russia,"MOSCOW, RS",GHCND:RSM00027612,"{'jan': 12.9, 'feb': 9.85, 'mar': 9.2, 'apr': 7.15, 'may': 8.25, 'jun': 9.2, 'jul': 8.45, 'aug': 8.35, 'sep': 7.9, 'oct': 9.3, 'nov': 9.65, 'dec': 12.15}","{'jan': 54.04, 'feb': 42.35, 'mar': 38.86, 'apr': 36.46, 'may': 56.73, 'jun': 64.83, 'jul': 73.37, 'aug': 72.65, 'sep': 62.19, 'oct': 60.74, 'nov': 49.27, 'dec': 50.31}"
Novosibirsk,Russia,"NOVOSIBIRSK, RS",GHCND:RSM00029634,"{'jan': 0.0, 'feb': 0.0, 'mar': 0.0, 'apr': 0.0, 'may': 0.0, 'jun': 0.0, 'jul': 0.0, 'aug': 0.0, 'sep': 0.0, 'oct': 0.0, 'nov': 0.0, 'dec': 0.0}","{'jan': 0.0, 'feb': 0.0, 'mar': 0.0, 'apr': 0.0, 'may': 0.0, 'jun': 0.0, 'jul': 0.0, 'aug': 0.0, 'sep': 0.0, 'oct': 0.0, 'nov': 0.0, 'dec': 0.0}"
Rostov-on-Don,Russia,"ROSTOV NA DONU, RS",GHCND:RSM00034730,"{'jan': 9.9, 'feb': 8.3, 'mar': 8.8, 'apr': 6.05, 'may': 7.45, 'jun': 6.8, 'jul': 5.6, 'aug': 3.85, 'sep': 4.65, 'oct': 6.8, 'nov': 6.65, 'dec': 9.5}","{'jan': 61.34, 'feb': 50.22, 'mar': 54.54, 'apr': 34.53, 'may': 55.18, 'jun': 64.61, 'jul': 47.09, 'aug': 44.44, 'sep': 39.7, 'oct': 53.11, 'nov': 51.88, 'dec': 59.96}"
Yakutsk,Russia,"JAKUTSK, RS",GHCND:RSM00024959,"{'jan': 2.9, 'feb': 2.25, 'mar': 2.15, 'apr': 2.55, 'may': 4.95, 'jun': 4.9, 'jul': 6.5, 'aug': 6.55, 'sep': 5.95, 'oct': 5.8, 'nov': 5.05, 'dec': 2.45}","{'jan': 9.55, 'feb': 7.55, 'mar': 6.61, 'apr': 9.37, 'may': 24.62, 'jun': 23.15, 'jul': 43.02, 'aug': 49.87, 'sep': 28.73, 'oct': 19.92, 'nov': 17.84, 'dec': 8.99}"
Riyadh,Saudi Arabia,"RIYADH OBS. O.A.P., SA",GHCND:SA000040438,"{'jan': 0.1, 'feb': 0.15, 'mar': 0.15, 'apr': 0.25, 'may': 0.15, 'jun': 0.15, 'jul': 0.05, 'aug': 0.0, 'sep': 0.0, 'oct': 0.0, 'nov': 0.1, 'dec': 0.1}","{'jan': 0.85, 'feb': 8.4, 'mar': 3.51, 'apr': 4.34, 'may': 3.27, 'jun': 9.15, 'jul': 3.0, 'aug': 0.0, 'sep': 0.0, 'oct': 0.0, 'nov': 1.62, 'dec': 0.1}"
Cape Town,South Africa,"CAPE TOWN INTERNATIONAL, SF",GHCND:SFM00068816,"{'jan': 1.55, 'feb': 1.55, 'mar': 2.0, 'apr': 3.55, 'may': 5.65, 'jun': 7.5, 'jul': 6.3, 'aug': 7.15, 'sep': 5.3, 'oct': 2.9, 'nov': 3.5, 'dec': 2.0}","{'jan': 9.51, 'feb': 6.84, 'mar': 20.56, 'apr': 23.41, 'may': 40.23, 'jun': 67.77, 'jul': 57.32, 'aug': 53.0, 'sep': 35.13, 'oct': 18.61, 'nov': 26.95, 'dec': 13.46}"
Johannesburg,South Africa,"JOHANNESBURG INTERNATIONAL, SF",GHCND:SFM00068368,"{'jan': 9.25, 'feb': 7.05, 'mar': 6.35, 'apr': 3.75, 'may': 1.9, 'jun': 1.0, 'jul': 0.35, 'aug': 0.85, 'sep': 1.5, 'oct': 6.0, 'nov': 7.5, 'dec': 9.9}","{'jan': 111.39, 'feb': 90.16, 'mar': 65.91, 'apr': 27.54, 'may': 16.76, 'jun': 9.08, 'jul': 3.7, 'aug': 10.02, 'sep': 20.18, 'oct': 57.98, 'nov': 66.78, 'dec': 108.7}"
Pretoria,South Africa,"PRETORIA IRENE, SF",GHCND:SFM00068263,"{'jan': 11.1, 'feb': 7.7, 'mar': 7.25, 'apr': 4.4, 'may': 1.6, 'jun': 0.7, 'jul': 0.3, 'aug': 0.35, 'sep': 1.6, 'oct': 5.2, 'nov': 9.15, 'dec': 11.65}","{'jan': 115.0, 'feb': 90.94, 'mar': 72.81, 'apr': 36.84, 'may': 15.34, 'jun': 5.91, 'jul': 1.03, 'aug': 4.73, 'sep': 22.92, 'oct': 43.44, 'nov': 95.13, 'dec': 137.84}"
Singapore,Singapore,"SINGAPORE CHANGI INTERNATIONAL, SN",GHCND:SNM00048698,"{'jan': 11.2, 'feb': 5.55, 'mar': 9.1, 'apr': 11.75, 'may': 11.8, 'jun': 11.55, 'jul': 11.25, 'aug': 11.85, 'sep': 11.25, 'oct': 12.5, 'nov': 16.25, 'dec': 15.05}","{'jan': 263.92, 'feb': 93.32, 'mar': 151.17, 'apr': 165.1, 'may': 167.42, 'jun': 142.92, 'jul': 136.97, 'aug': 153.45, 'sep': 133.46, 'oct': 176.8, 'nov': 242.74, 'dec': 276.5}"
Madrid,Spain,"MADRID RETIRO, SP",GHCND:SP000003195,"{'jan': 5.0, 'feb': 5.5, 'mar': 6.05, 'apr': 7.7, 'may': 5.5, 'jun': 3.2, 'jul': 1.25, 'aug': 1.25, 'sep': 3.25, 'oct': 7.0, 'nov': 6.6, 'dec': 5.3}","{'jan': 29.58, 'feb': 37.61, 'mar': 41.18, 'apr': 57.04, 'may': 41.03, 'jun': 19.08, 'jul': 7.31, 'aug': 12.03, 'sep': 25.95, 'oct': 68.21, 'nov': 48.42, 'dec': 41.04}"
Valencia,Spain,"VALENCIA, SP",GHCND:SPM00008284,"{'jan': 2.7, 'feb': 3.4, 'mar': 5.0, 'apr': 5.35, 'may': 3.9, 'jun': 2.4, 'jul': 1.25, 'aug': 1.55, 'sep': 4.35, 'oct': 4.3, 'nov': 5.0, 'dec': 3.4}","{'jan': 26.64, 'feb': 26.52, 'mar': 49.86, 'apr': 45.24, 'may': 40.32, 'jun': 21.25, 'jul': 5.95, 'aug': 9.61, 'sep': 50.59, 'oct': 48.9, 'nov': 62.56, 'dec': 38.34}"
Port Sudan,Sudan,"PORT SUDAN, SU",GHCND:SU000062641,"{'jan': 1.15, 'feb': 1.05, 'mar': 1.5, 'apr': 1.25, 'may': 0.75, 'jun': 0.8, 'jul': 1.8, 'aug': 1.0, 'sep': 0.65, 'oct': 0.75, 'nov': 1.15, 'dec': 1.65}","{'jan': 76.3, 'feb': 68.24, 'mar': 99.07, 'apr': 74.99, 'may': 50.09, 'jun': 53.12, 'jul': 98.78, 'aug': 63.62, 'sep': 39.91, 'oct': 40.02, 'nov': 54.9, 'dec': 82.74}"
Wau,South Sudan,"WAU, OD",GHCND:SU000062880,"{'jan': 0.05, 'feb': 0.0, 'mar': 0.15, 'apr': 0.3, 'may': 0.25, 'jun': 0.25, 'jul': 0.3, 'aug': 0.45, 'sep': 0.7, 'oct': 0.3, 'nov': 0.0, 'dec': 0.05}","{'jan': 3.11, 'feb': 0.0, 'mar': 7.12, 'apr': 34.42, 'may': 10.69, 'jun': 5.05, 'jul': 13.02, 'aug': 4.81, 'sep': 21.89, 'oct': 19.12, 'nov': 0.0, 'dec': 1.51}"
Stockholm,Sweden,"STOCKHOLM A, SW",GHCND:SWE00138886,"{'jan': 0.0, 'feb': 0.0, 'mar': 0.0, 'apr': 0.0, 'may': 0.0, 'jun': 0.0, 'jul': 0.0, 'aug': 0.0, 'sep': 0.0, 'oct': 0.0, 'nov': 0.0, 'dec': 0.0}","{'jan': 0.0, 'feb': 0.0, 'mar': 0.0, 'apr': 0.0, 'may': 0.0, 'jun': 0.0, 'jul': 0.0, 'aug': 0.0, 'sep': 0.0, 'oct': 0.0, 'nov': 0.0, 'dec': 0.0}"
Nakhon Ratchasima,Thailand,"NAKHON RATCHASIMA, TH",GHCND:TH000048431,"{'jan': 1.3, 'feb': 1.3, 'mar': 4.05, 'apr': 6.9, 'may': 12.15, 'jun': 9.2, 'jul': 12.35, 'aug': 13.35, 'sep': 16.2, 'oct': 9.75, 'nov': 2.75, 'dec': 0.6}","{'jan': 10.69, 'feb': 11.82, 'mar': 63.24, 'apr': 98.57, 'may': 158.34, 'jun': 110.6, 'jul': 161.71, 'aug': 158.9, 'sep': 281.85, 'oct': 157.24, 'nov': 26.92, 'dec': 3.37}"
Dushanbe,Tajikistan,"DUSHANBE, TI",GHCND:TI000038836,"{'jan': 1.35, 'feb': 2.15, 'mar': 3.2, 'apr': 1.9, 'may': 1.6, 'jun': 0.45, 'jul': 0.15, 'aug': 0.0, 'sep': 0.15, 'oct': 0.8, 'nov': 1.85, 'dec': 1.45}","{'jan': 15.27, 'feb': 22.36, 'mar': 44.82, 'apr': 35.03, 'may': 22.2, 'jun': 2.18, 'jul': 0.39, 'aug': 0.04, 'sep': 0.58, 'oct': 16.52, 'nov': 27.45, 'dec': 15.32}"
Tunis,Tunisia,"CARTHAGE, TS",GHCND:TSM00060715,"{'jan': 8.3, 'feb': 8.05, 'mar': 7.15, 'apr': 5.5, 'may': 3.85, 'jun': 1.25, 'jul': 0.3, 'aug': 1.6, 'sep': 5.0, 'oct': 5.3, 'nov': 6.85, 'dec': 7.35}","{'jan': 55.45, 'feb': 53.46, 'mar': 54.05, 'apr': 38.62, 'may': 20.83, 'jun': 10.0, 'jul': 1.03, 'aug': 11.48, 'sep': 49.91, 'oct': 61.95, 'nov': 47.86, 'dec': 72.31}"
Edinburgh,United Kingdom,"EDINBURGH ROYAL BOTANIC GARDE, UK",GHCND:UKE00105888,"{'jan': 12.65, 'feb': 9.15, 'mar': 9.8, 'apr': 7.75, 'may': 10.2, 'jun': 9.95, 'jul': 12.35, 'aug': 11.4, 'sep': 9.7, 'oct': 13.0, 'nov': 11.4, 'dec': 12.8}","{'jan': 64.73, 'feb': 49.15, 'mar': 48.45, 'apr': 34.43, 'may': 48.47, 'jun': 65.94, 'jul': 79.08, 'aug': 78.71, 'sep': 52.49, 'oct': 78.72, 'nov': 63.93, 'dec': 68.83}"
Anchorage,United States,"ANCHORAGE MERRILL FIELD, AK US",GHCND:USW00026409,"{'jan': 3.35, 'feb': 4.4, 'mar': 2.85, 'apr': 2.25, 'may': 3.35, 'jun': 5.0, 'jul': 7.95, 'aug': 11.8, 'sep': 11.05, 'oct': 7.6, 'nov': 4.85, 'dec': 5.3}","{'jan': 12.48, 'feb': 16.9, 'mar': 12.38, 'apr': 9.62, 'may': 13.99, 'jun': 23.58, 'jul': 45.56, 'aug': 73.7, 'sep': 83.46, 'oct': 39.56, 'nov': 20.43, 'dec': 24.39}"
Fairbanks,United States,"FAIRBANKS F.O., AK US",GHCND:USS0047P03S,"{'jan': 4.4, 'feb': 4.55, 'mar': 3.55, 'apr': 2.4, 'may': 3.1, 'jun': 6.65, 'jul': 8.5, 'aug': 10.55, 'sep': 8.65, 'oct': 6.6, 'nov': 5.2, 'dec': 4.65}","{'jan': 17.04, 'feb': 17.81, 'mar': 11.69, 'apr': 9.72, 'may': 15.17, 'jun': 41.79, 'jul': 68.62, 'aug': 64.0, 'sep': 45.44, 'oct': 25.99, 'nov': 20.08, 'dec': 18.31}"
Lake Havasu City,United States,"LAKE HAVASU CITY, AZ US",GHCND:USC00024761,"{'jan': 1.95, 'feb': 2.0, 'mar': 1.15, 'apr': 0.6, 'may': 0.25, 'jun': 0.15, 'jul': 1.6, 'aug': 2.1, 'sep': 1.3, 'oct': 1.15, 'nov': 0.75, 'dec': 1.85}","{'jan': 15.64, 'feb': 14.15, 'mar': 9.62, 'apr': 3.42, 'may': 0.96, 'jun': 0.46, 'jul': 9.79, 'aug': 16.35, 'sep': 8.69, 'oct': 8.58, 'nov': 5.78, 'dec': 14.91}"
Phoenix,United States,"PHOENIX AIRPORT, AZ US",GHCND:USW00023183,"{'jan': 2.25, 'feb': 2.65, 'mar': 1.85, 'apr': 0.9, 'may': 0.45, 'jun': 0.25, 'jul': 2.85, 'aug': 3.75, 'sep': 1.75, 'oct': 1.55, 'nov': 1.4, 'dec': 3.2}","{'jan': 18.46, 'feb': 21.36, 'mar': 13.95, 'apr': 3.7, 'may': 2.64, 'jun': 0.99, 'jul': 22.33, 'aug': 25.57, 'sep': 14.8, 'oct': 12.5, 'nov': 11.58, 'dec': 19.38}"
Tucson,United States,"TUCSON INTERNATIONAL AIRPORT, AZ US",GHCND:USW00023160,"{'jan': 2.85, 'feb': 2.6, 'mar': 2.0, 'apr': 1.2, 'may': 0.45, 'jun': 1.05, 'jul': 7.15, 'aug': 5.5, 'sep': 3.35, 'oct': 1.8, 'nov': 1.45, 'dec': 3.6}","{'jan': 18.83, 'feb': 16.84, 'mar': 9.74, 'apr': 4.69, 'may': 3.77, 'jun': 5.84, 'jul': 73.13, 'aug': 47.19, 'sep': 31.83, 'oct': 11.79, 'nov': 11.7, 'dec': 22.7}"
Fresno,United States,"FRESNO 5 NE, CA US",GHCND:USC00043256,"{'jan': 4.95, 'feb': 5.2, 'mar': 4.6, 'apr': 3.1, 'may': 1.8, 'jun': 0.15, 'jul': 0.05, 'aug': 0.1, 'sep': 0.3, 'oct': 1.7, 'nov': 3.25, 'dec': 6.3}","{'jan': 45.39, 'feb': 35.18, 'mar': 40.42, 'apr': 29.09, 'may': 11.55, 'jun': 2.61, 'jul': 0.28, 'aug': 0.22, 'sep': 1.46, 'oct': 11.44, 'nov': 23.89, 'dec': 54.03}"
Los Angeles,United States,"LOS ANGELES DOWNTOWN USC, CA US",GHCND:USW00093134,"{'jan': 4.0, 'feb': 4.3, 'mar': 3.4, 'apr': 1.8, 'may': 1.05, 'jun': 0.05, 'jul': 0.25, 'aug': 0.0, 'sep': 0.35, 'oct': 1.95, 'nov': 2.05, 'dec': 5.0}","{'jan': 65.9, 'feb': 66.14, 'mar': 42.47, 'apr': 15.65, 'may': 7.3, 'jun': 0.29, 'jul': 0.89, 'aug': 0.05, 'sep': 4.7, 'oct': 18.59, 'nov': 18.73, 'dec': 80.11}"
Palm Springs,United States,"PALM SPRINGS, CA US",GHCND:USC00046635,"{'jan': 2.35, 'feb': 1.45, 'mar': 1.0, 'apr': 0.55, 'may': 0.1, 'jun': 0.1, 'jul': 0.7, 'aug': 0.6, 'sep': 0.65, 'oct': 0.75, 'nov': 0.9, 'dec': 1.85}","{'jan': 30.82, 'feb': 19.22, 'mar': 8.24, 'apr': 2.77, 'may': 0.2, 'jun': 0.32, 'jul': 8.18, 'aug': 4.37, 'sep': 5.83, 'oct': 7.36, 'nov': 8.68, 'dec': 28.27}"
Sacramento,United States,"SACRAMENTO 5 ESE, CA US",GHCND:USW00023271,"{'jan': 7.5, 'feb': 6.65, 'mar': 7.15, 'apr': 4.45, 'may': 2.6, 'jun': 0.7, 'jul': 0.0, 'aug': 0.15, 'sep': 0.7, 'oct': 2.6, 'nov': 5.05, 'dec': 8.65}","{'jan': 74.33, 'feb': 71.56, 'mar': 65.33, 'apr': 39.28, 'may': 16.18, 'jun': 3.86, 'jul': 0.04, 'aug': 0.44, 'sep': 5.08, 'oct': 32.67, 'nov': 39.18, 'dec': 101.6}"
San Diego,United States,"SAN DIEGO INTERNATIONAL AIRPORT, CA US",GHCND:USW00023188,"{'jan': 4.1, 'feb': 5.1, 'mar': 4.05, 'apr': 2.25, 'may': 1.45, 'jun': 0.15, 'jul': 0.15, 'aug': 0.1, 'sep': 0.55, 'oct': 1.75, 'nov': 2.85, 'dec': 4.7}","{'jan': 35.73, 'feb': 45.48, 'mar': 25.94, 'apr': 15.37, 'may': 8.76, 'jun': 0.43, 'jul': 2.34, 'aug': 0.45, 'sep': 4.09, 'oct': 16.06, 'nov': 22.83, 'dec': 53.41}"
San Francisco,United States,"SAN FRANCISCO DOWNTOWN, CA US",GHCND:USW00023272,"{'jan': 8.05, 'feb': 8.0, 'mar': 8.8, 'apr': 5.25, 'may': 2.1, 'jun': 0.65, 'jul': 0.15, 'aug': 0.05, 'sep': 0.6, 'oct': 3.0, 'nov': 5.75, 'dec': 9.75}","{'jan': 86.38, 'feb': 83.98, 'mar': 79.56, 'apr': 42.68, 'may': 11.54, 'jun': 4.84, 'jul': 0.59, 'aug': 0.46, 'sep': 2.66, 'oct': 31.01, 'nov': 51.85, 'dec': 132.81}"
San Jose,United States,"SAN JOSE, CA US",GHCND:USC00047821,"{'jan': 1.35, 'feb': 2.0, 'mar': 2.25, 'apr': 1.9, 'may': 0.6, 'jun': 0.05, 'jul': 0.0, 'aug': 0.0, 'sep': 0.15, 'oct': 0.4, 'nov': 1.15, 'dec': 2.35}","{'jan': 12.21, 'feb': 21.78, 'mar': 15.46, 'apr': 14.25, 'may': 3.88, 'jun': 0.27, 'jul': 0.03, 'aug': 0.04, 'sep': 1.25, 'oct': 4.48, 'nov': 7.85, 'dec': 25.24}"
Denver,United States,"DENVER WATER DEPARTMENT, CO US",GHCND:USC00052223,"{'jan': 2.65, 'feb': 3.55, 'mar': 3.6, 'apr': 5.9, 'may': 8.0, 'jun': 5.35, 'jul': 5.8, 'aug': 5.35, 'sep': 4.4, 'oct': 4.1, 'nov': 2.25, 'dec': 2.65}","{'jan': 10.81, 'feb': 14.79, 'mar': 26.24, 'apr': 44.21, 'may': 68.61, 'jun': 41.69, 'jul': 49.43, 'aug': 44.15, 'sep': 25.69, 'oct': 29.49, 'nov': 12.14, 'dec': 11.75}"
Jacksonville,United States,"JACKSONVILLE NAS, FL US",GHCND:USW00093837,"{'jan': 5.6, 'feb': 6.45, 'mar': 6.15, 'apr': 5.15, 'may': 5.65, 'jun': 11.95, 'jul': 11.5, 'aug': 12.7, 'sep': 9.9, 'oct': 5.35, 'nov': 5.0, 'dec': 5.45}","{'jan': 51.82, 'feb': 67.15, 'mar': 73.44, 'apr': 56.85, 'may': 91.29, 'jun': 177.95, 'jul': 142.74, 'aug': 165.65, 'sep': 122.96, 'oct': 71.74, 'nov': 47.34, 'dec': 62.08}"
Miami,United States,"MIAMI BEACH, FL US",GHCND:USW00092811,"{'jan': 5.05, 'feb': 4.15, 'mar': 4.2, 'apr': 4.8, 'may': 7.75, 'jun': 11.1, 'jul': 11.05, 'aug': 11.2, 'sep': 12.05, 'oct': 10.1, 'nov': 5.9, 'dec': 4.55}","{'jan': 49.5, 'feb': 66.46, 'mar': 57.78, 'apr': 89.84, 'may': 158.96, 'jun': 201.82, 'jul': 162.87, 'aug': 182.24, 'sep': 181.4, 'oct': 172.08, 'nov': 81.81, 'dec': 63.68}"
Panama City,Panama,"PANAMA CITY 5 N, FL US",GHCND:USC00086842,"{'jan': 6.2, 'feb': 6.85, 'mar': 5.0, 'apr': 5.45, 'may': 4.65, 'jun': 9.45, 'jul': 10.8, 'aug': 12.15, 'sep': 7.55, 'oct': 4.4, 'nov': 4.3, 'dec': 6.35}","{'jan': 97.5, 'feb': 140.79, 'mar': 97.81, 'apr': 114.8, 'may': 85.56, 'jun': 147.8, 'jul': 198.3, 'aug': 217.53, 'sep': 159.01, 'oct': 83.18, 'nov': 75.33, 'dec': 114.21}"
Tampa,United States,"TAMPA INTERNATIONAL AIRPORT, FL US",GHCND:USW00012842,"{'jan': 4.95, 'feb': 4.85, 'mar': 4.3, 'apr': 4.45, 'may': 5.3, 'jun': 12.25, 'jul': 14.15, 'aug': 14.4, 'sep': 10.35, 'oct': 5.55, 'nov': 3.7, 'dec': 4.35}","{'jan': 60.25, 'feb': 69.63, 'mar': 60.42, 'apr': 73.01, 'may': 79.78, 'jun': 217.54, 'jul': 212.34, 'aug': 247.01, 'sep': 153.96, 'oct': 53.56, 'nov': 44.33, 'dec': 48.44}"
Atlanta,United States,"ATLANTA 3.2 S, GA US",GHCND:US1GAFT0037,"{'jan': 4.2, 'feb': 5.0, 'mar': 4.25, 'apr': 3.7, 'may': 4.4, 'jun': 4.95, 'jul': 5.05, 'aug': 5.35, 'sep': 2.65, 'oct': 3.0, 'nov': 3.2, 'dec': 5.1}","{'jan': 62.37, 'feb': 69.89, 'mar': 50.31, 'apr': 65.74, 'may': 57.4, 'jun': 55.86, 'jul': 59.66, 'aug': 72.79, 'sep': 43.54, 'oct': 51.69, 'nov': 49.16, 'dec': 83.4}"
Honolulu,United States,"BERETANIA PUMP STATION 705, HI US",GHCND:USC00510211,"{'jan': 7.5, 'feb': 7.35, 'mar': 9.0, 'apr': 7.95, 'may': 5.2, 'jun': 5.35, 'jul': 6.9, 'aug': 5.7, 'sep': 7.8, 'oct': 7.05, 'nov': 8.85, 'dec': 9.35}","{'jan': 70.54, 'feb': 53.46, 'mar': 90.14, 'apr': 34.47, 'may': 24.13, 'jun': 24.71, 'jul': 28.25, 'aug': 37.77, 'sep': 41.92, 'oct': 42.67, 'nov': 58.69, 'dec': 103.64}"
Boise,United States,"BOISE AIR TERMINAL, ID US",GHCND:USW00024131,"{'jan': 7.0, 'feb': 5.65, 'mar': 7.6, 'apr': 6.35, 'may': 6.75, 'jun': 3.1, 'jul': 1.05, 'aug': 1.25, 'sep': 2.2, 'oct': 3.85, 'nov': 6.65, 'dec': 8.7}","{'jan': 33.7, 'feb': 26.01, 'mar': 35.95, 'apr': 31.25, 'may': 39.81, 'jun': 18.21, 'jul': 5.43, 'aug': 5.48, 'sep': 10.13, 'oct': 23.46, 'nov': 30.22, 'dec': 41.55}"
Moscow,Russia,"MOSCOW MOUNTAIN, ID US",GHCND:USS0016C02S,"{'jan': 15.05, 'feb': 13.0, 'mar': 13.95, 'apr': 12.3, 'may': 10.95, 'jun': 7.2, 'jul': 2.3, 'aug': 4.45, 'sep': 5.85, 'oct': 11.05, 'nov': 15.6, 'dec': 16.35}","{'jan': 179.7, 'feb': 127.12, 'mar': 127.87, 'apr': 84.75, 'may': 73.08, 'jun': 54.88, 'jul': 9.33, 'aug': 24.14, 'sep': 35.31, 'oct': 87.06, 'nov': 142.67, 'dec': 181.34}"
Chicago,United States,"CHICAGO MIDWAY AIRPORT, IL US",GHCND:USW00014819,"{'jan': 5.7, 'feb': 6.05, 'mar': 7.5, 'apr': 9.05, 'may': 10.3, 'jun': 9.5, 'jul': 7.8, 'aug': 8.15, 'sep': 6.7, 'oct': 8.75, 'nov': 6.15, 'dec': 7.0}","{'jan': 35.96, 'feb': 39.29, 'mar': 56.69, 'apr': 86.55, 'may': 110.38, 'jun': 101.63, 'jul': 95.47, 'aug': 98.18, 'sep': 66.95, 'oct': 98.73, 'nov': 54.91, 'dec': 50.54}"
Ottawa,Canada,"MARSEILLES LOCK DAM, IL US",GHCND:USC00115372,"{'jan': 6.25, 'feb': 7.05, 'mar': 7.5, 'apr': 8.75, 'may': 10.7, 'jun': 9.2, 'jul': 7.9, 'aug': 7.5, 'sep': 6.4, 'oct': 7.9, 'nov': 6.5, 'dec': 7.1}","{'jan': 50.72, 'feb': 52.56, 'mar': 66.35, 'apr': 82.93, 'may': 119.56, 'jun': 122.83, 'jul': 98.01, 'aug': 109.96, 'sep': 84.6, 'oct': 79.41, 'nov': 61.55, 'dec': 57.79}"
Indianapolis,United States,"INDIANAPOLIS INTERNATIONAL AIRPORT, IN US",GHCND:USW00093819,"{'jan': 7.95, 'feb': 7.85, 'mar': 9.3, 'apr': 9.5, 'may': 10.75, 'jun': 9.55, 'jul': 8.55, 'aug': 6.4, 'sep': 6.35, 'oct': 8.05, 'nov': 7.45, 'dec': 9.45}","{'jan': 80.0, 'feb': 70.12, 'mar': 102.58, 'apr': 112.48, 'may': 115.87, 'jun': 131.09, 'jul': 117.53, 'aug': 83.64, 'sep': 81.7, 'oct': 88.01, 'nov': 76.73, 'dec': 86.28}"
Wichita,United States,"WICHITA DWIGHT D. EISENHOWER NATIONAL AIRPORT, KS US",GHCND:USW00003928,"{'jan': 2.75, 'feb': 4.0, 'mar': 5.8, 'apr': 5.95, 'may': 9.45, 'jun': 8.05, 'jul': 6.4, 'aug': 6.85, 'sep': 4.85, 'oct': 5.35, 'nov': 3.7, 'dec': 3.65}","{'jan': 24.58, 'feb': 29.56, 'mar': 66.06, 'apr': 78.35, 'may': 149.94, 'jun': 130.47, 'jul': 91.7, 'aug': 118.9, 'sep': 75.16, 'oct': 67.25, 'nov': 27.88, 'dec': 29.13}"
Louisville,United States,"LOUISVILLE UPPR GAGE, KY US",GHCND:USC00154955,"{'jan': 7.5, 'feb': 7.5, 'mar': 8.65, 'apr': 9.4, 'may': 8.95, 'jun': 8.25, 'jul': 8.5, 'aug': 6.6, 'sep': 6.2, 'oct': 5.95, 'nov': 7.5, 'dec': 8.35}","{'jan': 79.89, 'feb': 93.81, 'mar': 107.45, 'apr': 126.39, 'may': 116.26, 'jun': 108.92, 'jul': 111.69, 'aug': 87.11, 'sep': 109.05, 'oct': 86.49, 'nov': 92.43, 'dec': 105.01}"
New Orleans,United States,"NEW ORLEANS AUDUBON, LA US",GHCND:USW00012930,"{'jan': 7.35, 'feb': 7.1, 'mar': 5.05, 'apr': 6.15, 'may': 6.55, 'jun': 10.5, 'jul': 13.15, 'aug': 11.1, 'sep': 6.8, 'oct': 4.8, 'nov': 5.05, 'dec': 5.75}","{'jan': 95.19, 'feb': 111.48, 'mar': 78.38, 'apr': 145.77, 'may': 143.04, 'jun': 159.86, 'jul': 213.18, 'aug': 173.8, 'sep': 129.52, 'oct': 86.17, 'nov': 76.09, 'dec': 102.1}"
Baltimore,United States,"MARYLAND SCIENCE CENTER, MD US",GHCND:USW00093784,"{'jan': 6.7, 'feb': 6.8, 'mar': 7.4, 'apr': 7.2, 'may': 8.25, 'jun': 7.25, 'jul': 7.35, 'aug': 6.95, 'sep': 5.6, 'oct': 6.4, 'nov': 5.55, 'dec': 7.55}","{'jan': 59.47, 'feb': 67.22, 'mar': 76.18, 'apr': 85.93, 'may': 88.21, 'jun': 87.35, 'jul': 106.86, 'aug': 95.42, 'sep': 102.17, 'oct': 89.89, 'nov': 65.33, 'dec': 89.21}"
Boston,United States,"BOSTON LOGAN INTERNATIONAL AIRPORT, MA US",GHCND:USW00014739,"{'jan': 8.4, 'feb': 8.55, 'mar': 8.0, 'apr': 9.85, 'may': 9.5, 'jun': 8.95, 'jul': 8.0, 'aug': 7.0, 'sep': 6.85, 'oct': 8.5, 'nov': 8.15, 'dec': 9.75}","{'jan': 76.68, 'feb': 89.37, 'mar': 96.75, 'apr': 100.43, 'may': 88.44, 'jun': 101.18, 'jul': 98.91, 'aug': 84.21, 'sep': 83.29, 'oct': 107.19, 'nov': 88.12, 'dec': 108.16}"
Detroit,United States,"DETROIT CITY AIRPORT, MI US",GHCND:USW00014822,"{'jan': 5.85, 'feb': 4.95, 'mar': 7.05, 'apr': 8.2, 'may': 10.1, 'jun': 7.35, 'jul': 7.7, 'aug': 6.65, 'sep': 6.6, 'oct': 7.55, 'nov': 6.35, 'dec': 6.05}","{'jan': 32.89, 'feb': 30.99, 'mar': 52.14, 'apr': 61.66, 'may': 90.06, 'jun': 71.53, 'jul': 75.85, 'aug': 78.14, 'sep': 69.51, 'oct': 50.78, 'nov': 51.13, 'dec': 43.59}"
Austin,United States,"AUSTIN WASTE WATER TREATMENT FACILITY, MN US",GHCND:USC00210355,"{'jan': 4.25, 'feb': 4.7, 'mar': 5.7, 'apr': 8.1, 'may': 10.75, 'jun': 10.05, 'jul': 8.3, 'aug': 8.7, 'sep': 6.8, 'oct': 6.8, 'nov': 4.45, 'dec': 5.4}","{'jan': 20.81, 'feb': 33.07, 'mar': 51.26, 'apr': 89.28, 'may': 125.41, 'jun': 127.7, 'jul': 116.65, 'aug': 105.25, 'sep': 101.64, 'oct': 66.26, 'nov': 38.7, 'dec': 36.79}"
Minneapolis,United States,"LOWER ST. ANTHONY FALLS, MN US",GHCND:USC00214884,"{'jan': 4.55, 'feb': 3.65, 'mar': 6.35, 'apr': 8.95, 'may': 9.9, 'jun': 9.9, 'jul': 7.55, 'aug': 8.35, 'sep': 7.85, 'oct': 8.05, 'nov': 4.95, 'dec': 6.2}","{'jan': 19.19, 'feb': 23.11, 'mar': 44.0, 'apr': 85.52, 'may': 111.71, 'jun': 110.55, 'jul': 94.84, 'aug': 115.82, 'sep': 79.38, 'oct': 75.08, 'nov': 34.17, 'dec': 37.11}"
Kansas City,United States,"KANSAS CITY DOWNTOWN AIRPORT, MO US",GHCND:USW00013988,"{'jan': 3.15, 'feb': 3.3, 'mar': 6.2, 'apr': 7.5, 'may': 9.2, 'jun': 8.4, 'jul': 6.1, 'aug': 6.85, 'sep': 5.4, 'oct': 6.1, 'nov': 3.9, 'dec': 3.55}","{'jan': 18.87, 'feb': 30.86, 'mar': 54.59, 'apr': 81.97, 'may': 128.91, 'jun': 126.53, 'jul': 96.36, 'aug': 134.2, 'sep': 83.71, 'oct': 76.05, 'nov': 36.51, 'dec': 31.45}"
St. Louis,United States,"CAHOKIA ST LOUIS DOWNTOWN AIRPORT, IL US",GHCND:USW00003960,"{'jan': 5.2, 'feb': 5.6, 'mar': 8.6, 'apr': 8.8, 'may': 10.75, 'jun': 7.6, 'jul': 7.0, 'aug': 6.3, 'sep': 5.45, 'oct': 6.5, 'nov': 6.65, 'dec': 6.55}","{'jan': 59.66, 'feb': 47.14, 'mar': 93.28, 'apr': 113.16, 'may': 125.85, 'jun': 107.24, 'jul': 103.12, 'aug': 85.74, 'sep': 91.28, 'oct': 79.11, 'nov': 75.32, 'dec': 65.47}"
Omaha,United States,"OMAHA EPPLEY AIRFIELD, NE US",GHCND:USW00014942,"{'jan': 3.85, 'feb': 4.05, 'mar': 5.8, 'apr': 7.15, 'may': 9.9, 'jun': 8.65, 'jul': 6.65, 'aug': 7.3, 'sep': 6.1, 'oct': 6.0, 'nov': 3.4, 'dec': 4.65}","{'jan': 18.51, 'feb': 23.73, 'mar': 49.97, 'apr': 70.81, 'may': 120.11, 'jun': 106.93, 'jul': 74.5, 'aug': 124.3, 'sep': 76.68, 'oct': 60.84, 'nov': 27.83, 'dec': 37.99}"
Las Vegas,United States,"LAS VEGAS AIR TERMINAL, NV US",GHCND:USW00053123,"{'jan': 2.25, 'feb': 2.35, 'mar': 1.4, 'apr': 1.0, 'may': 0.5, 'jun': 0.1, 'jul': 0.85, 'aug': 1.3, 'sep': 0.9, 'oct': 1.35, 'nov': 0.85, 'dec': 1.75}","{'jan': 14.84, 'feb': 16.77, 'mar': 7.75, 'apr': 7.36, 'may': 2.08, 'jun': 0.28, 'jul': 3.9, 'aug': 7.91, 'sep': 5.45, 'oct': 9.95, 'nov': 8.07, 'dec': 12.26}"
Albuquerque,United States,"ALBUQUERQUE INTERNATIONAL AIRPORT, NM US",GHCND:USW00023050,"{'jan': 2.0, 'feb': 2.8, 'mar': 2.35, 'apr': 2.0, 'may': 2.3, 'jun': 2.0, 'jul': 6.4, 'aug': 5.1, 'sep': 3.75, 'oct': 3.3, 'nov': 1.8, 'dec': 2.4}","{'jan': 8.25, 'feb': 11.78, 'mar': 9.57, 'apr': 13.94, 'may': 9.08, 'jun': 15.18, 'jul': 45.85, 'aug': 26.83, 'sep': 28.69, 'oct': 21.83, 'nov': 9.93, 'dec': 14.31}"
Charlotte,United States,"CHARLOTTE DOUGLAS AIRPORT, NC US",GHCND:USW00013881,"{'jan': 7.6, 'feb': 8.15, 'mar': 8.6, 'apr': 7.15, 'may': 8.15, 'jun': 8.6, 'jul': 8.4, 'aug': 8.35, 'sep': 5.8, 'oct': 5.45, 'nov': 6.8, 'dec': 7.9}","{'jan': 79.01, 'feb': 84.31, 'mar': 98.61, 'apr': 100.93, 'may': 98.09, 'jun': 103.23, 'jul': 107.22, 'aug': 113.93, 'sep': 95.69, 'oct': 73.04, 'nov': 87.74, 'dec': 103.74}"
Columbus,United States,"JOHN GLENN INTERNATIONAL AIRPORT, OH US",GHCND:USW00014821,"{'jan': 9.85, 'feb': 9.5, 'mar': 9.85, 'apr': 9.6, 'may': 11.2, 'jun': 9.5, 'jul': 9.5, 'aug': 8.25, 'sep': 7.35, 'oct': 8.55, 'nov': 7.7, 'dec': 9.75}","{'jan': 77.26, 'feb': 73.1, 'mar': 102.98, 'apr': 92.84, 'may': 103.5, 'jun': 116.85, 'jul': 117.4, 'aug': 105.52, 'sep': 86.76, 'oct': 81.37, 'nov': 68.37, 'dec': 86.5}"
Oklahoma City,United States,"OKLAHOMA CITY WILL ROGERS WORLD AIRPORT, OK US",GHCND:USW00013967,"{'jan': 2.9, 'feb': 4.25, 'mar': 5.05, 'apr': 5.7, 'may': 7.9, 'jun': 7.2, 'jul': 4.9, 'aug': 6.25, 'sep': 5.0, 'oct': 5.65, 'nov': 3.95, 'dec': 3.75}","{'jan': 30.38, 'feb': 36.98, 'mar': 63.25, 'apr': 88.28, 'may': 149.28, 'jun': 123.84, 'jul': 87.41, 'aug': 104.76, 'sep': 71.81, 'oct': 83.58, 'nov': 33.48, 'dec': 35.99}"
Portland,United States,"PORTLAND KGW TV, OR US",GHCND:USC00356749,"{'jan': 14.6, 'feb': 12.4, 'mar': 15.3, 'apr': 12.65, 'may': 8.95, 'jun': 6.65, 'jul': 1.65, 'aug': 2.0, 'sep': 5.3, 'oct': 10.9, 'nov': 15.65, 'dec': 16.05}","{'jan': 151.69, 'feb': 103.64, 'mar': 123.68, 'apr': 88.7, 'may': 60.81, 'jun': 39.47, 'jul': 8.49, 'aug': 11.92, 'sep': 46.52, 'oct': 98.13, 'nov': 156.57, 'dec': 186.23}"
Philadelphia,United States,"PHILADELPHIA FRANKLIN INSTITUTE, PA US",GHCND:USC00366886,"{'jan': 8.0, 'feb': 7.2, 'mar': 7.3, 'apr': 8.5, 'may': 9.15, 'jun': 8.55, 'jul': 8.2, 'aug': 7.55, 'sep': 6.95, 'oct': 7.3, 'nov': 6.6, 'dec': 8.2}","{'jan': 81.48, 'feb': 78.69, 'mar': 87.74, 'apr': 106.52, 'may': 110.6, 'jun': 127.68, 'jul': 123.18, 'aug': 113.84, 'sep': 118.6, 'oct': 98.54, 'nov': 79.36, 'dec': 109.85}"
Pittsburgh,United States,"EMSWORTH L D OHIO RIVER, PA US",GHCND:USC00362574,"{'jan': 11.05, 'feb': 9.55, 'mar': 8.95, 'apr': 10.1, 'may': 10.5, 'jun': 9.45, 'jul': 8.95, 'aug': 8.25, 'sep': 7.35, 'oct': 9.55, 'nov': 7.8, 'dec': 9.85}","{'jan': 84.26, 'feb': 76.3, 'mar': 72.27, 'apr': 79.8, 'may': 91.96, 'jun': 98.6, 'jul': 98.28, 'aug': 85.84, 'sep': 88.28, 'oct': 82.45, 'nov': 60.12, 'dec': 80.03}"
Memphis,United States,"MEMPHIS INTERNATIONAL AIRPORT, TN US",GHCND:USW00013893,"{'jan': 7.75, 'feb': 9.4, 'mar': 9.45, 'apr': 8.25, 'may': 8.8, 'jun': 7.0, 'jul': 7.7, 'aug': 6.45, 'sep': 5.15, 'oct': 6.35, 'nov': 7.0, 'dec': 8.75}","{'jan': 100.47, 'feb': 128.95, 'mar': 146.14, 'apr': 142.9, 'may': 136.56, 'jun': 91.29, 'jul': 114.27, 'aug': 98.66, 'sep': 67.02, 'oct': 106.16, 'nov': 101.73, 'dec': 133.76}"
Nashville,United States,"NASHVILLE INTERNATIONAL AIRPORT, TN US",GHCND:USW00013897,"{'jan': 7.75, 'feb': 8.9, 'mar': 8.95, 'apr': 9.45, 'may': 9.65, 'jun': 8.15, 'jul': 8.75, 'aug': 8.25, 'sep': 6.05, 'oct': 7.1, 'nov': 6.95, 'dec': 9.5}","{'jan': 99.42, 'feb': 129.46, 'mar': 112.12, 'apr': 133.71, 'may': 125.94, 'jun': 96.33, 'jul': 120.92, 'aug': 113.92, 'sep': 94.94, 'oct': 90.68, 'nov': 91.84, 'dec': 114.24}"
Austin,United States,"AUSTIN CAMP MABRY, TX US",GHCND:USW00013958,"{'jan': 5.1, 'feb': 5.35, 'mar': 5.95, 'apr': 4.95, 'may': 7.05, 'jun': 5.3, 'jul': 4.5, 'aug': 3.5, 'sep': 5.25, 'oct': 5.25, 'nov': 4.7, 'dec': 4.3}","{'jan': 66.08, 'feb': 42.59, 'mar': 74.92, 'apr': 64.09, 'may': 132.77, 'jun': 87.9, 'jul': 57.12, 'aug': 57.1, 'sep': 93.59, 'oct': 93.09, 'nov': 64.99, 'dec': 51.92}"
Dallas,United States,"DALLAS FAA AIRPORT, TX US",GHCND:USW00013960,"{'jan': 4.65, 'feb': 5.4, 'mar': 5.6, 'apr': 5.65, 'may': 7.4, 'jun': 5.9, 'jul': 4.0, 'aug': 4.5, 'sep': 4.45, 'oct': 5.7, 'nov': 4.7, 'dec': 4.65}","{'jan': 64.7, 'feb': 66.61, 'mar': 91.31, 'apr': 75.91, 'may': 122.87, 'jun': 93.98, 'jul': 39.02, 'aug': 70.87, 'sep': 91.03, 'oct': 109.84, 'nov': 71.96, 'dec': 59.17}"
El Paso,United States,"EL PASO INTERNATIONAL AIRPORT, TX US",GHCND:USW00023044,"{'jan': 2.05, 'feb': 1.9, 'mar': 1.3, 'apr': 0.95, 'may': 1.45, 'jun': 2.4, 'jul': 5.5, 'aug': 5.6, 'sep': 4.1, 'oct': 2.75, 'nov': 1.5, 'dec': 2.15}","{'jan': 9.76, 'feb': 10.89, 'mar': 5.95, 'apr': 3.76, 'may': 8.91, 'jun': 16.64, 'jul': 47.57, 'aug': 50.07, 'sep': 44.58, 'oct': 17.67, 'nov': 10.7, 'dec': 10.31}"
Houston,United States,"HOUSTON WESTBURY, TX US",GHCND:USC00414325,"{'jan': 7.45, 'feb': 7.05, 'mar': 5.95, 'apr': 5.7, 'may': 6.5, 'jun': 8.2, 'jul': 8.15, 'aug': 8.15, 'sep': 7.8, 'oct': 5.75, 'nov': 6.55, 'dec': 7.0}","{'jan': 102.42, 'feb': 78.7, 'mar': 77.58, 'apr': 95.49, 'may': 142.13, 'jun': 112.89, 'jul': 138.18, 'aug': 147.78, 'sep': 145.55, 'oct': 117.81, 'nov': 112.66, 'dec': 91.03}"
Odessa,Ukraine,"MIDLAND INTERNATIONAL AIRPORT, TX US",GHCND:USW00023023,"{'jan': 1.95, 'feb': 2.2, 'mar': 2.35, 'apr': 1.85, 'may': 3.35, 'jun': 3.85, 'jul': 3.35, 'aug': 3.75, 'sep': 4.3, 'oct': 3.25, 'nov': 2.0, 'dec': 2.25}","{'jan': 14.96, 'feb': 11.8, 'mar': 18.96, 'apr': 21.47, 'may': 40.63, 'jun': 48.07, 'jul': 38.18, 'aug': 45.53, 'sep': 48.63, 'oct': 33.42, 'nov': 18.93, 'dec': 13.44}"
Paris,France,"PARIS, TX US",GHCND:USC00416794,"{'jan': 5.15, 'feb': 7.65, 'mar': 7.0, 'apr': 7.1, 'may': 8.0, 'jun': 6.05, 'jul': 5.1, 'aug': 4.85, 'sep': 4.35, 'oct': 5.75, 'nov': 4.9, 'dec': 5.6}","{'jan': 69.01, 'feb': 90.55, 'mar': 109.68, 'apr': 121.78, 'may': 141.65, 'jun': 92.91, 'jul': 75.77, 'aug': 76.35, 'sep': 93.41, 'oct': 105.47, 'nov': 88.31, 'dec': 80.34}"
San Antonio,United States,"SAN ANTONIO INCARNATE WORD, TX US",GHCND:USC00417947,"{'jan': 4.05, 'feb': 4.3, 'mar': 4.05, 'apr': 2.8, 'may': 4.15, 'jun': 3.4, 'jul': 4.2, 'aug': 2.3, 'sep': 5.05, 'oct': 3.65, 'nov': 2.95, 'dec': 3.15}","{'jan': 43.16, 'feb': 29.14, 'mar': 40.71, 'apr': 32.79, 'may': 68.11, 'jun': 49.78, 'jul': 55.33, 'aug': 34.98, 'sep': 87.11, 'oct': 61.78, 'nov': 30.39, 'dec': 25.28}"
Salt Lake City,United States,"SALT LAKE TRIAD CENTER, UT US",GHCND:USC00427606,"{'jan': 4.85, 'feb': 4.5, 'mar': 5.3, 'apr': 5.8, 'may': 4.2, 'jun': 2.7, 'jul': 1.35, 'aug': 1.85, 'sep': 2.6, 'oct': 2.8, 'nov': 4.1, 'dec': 5.2}","{'jan': 19.69, 'feb': 19.58, 'mar': 31.09, 'apr': 43.8, 'may': 30.42, 'jun': 16.02, 'jul': 6.18, 'aug': 9.93, 'sep': 16.26, 'oct': 16.49, 'nov': 22.0, 'dec': 23.05}"
Virginia Beach,United States,"OCEANA NAS, VA US",GHCND:USW00013769,"{'jan': 6.6, 'feb': 7.65, 'mar': 7.85, 'apr': 8.4, 'may': 8.7, 'jun': 8.25, 'jul': 9.2, 'aug': 9.0, 'sep': 5.65, 'oct': 5.55, 'nov': 5.95, 'dec': 7.7}","{'jan': 62.28, 'feb': 79.2, 'mar': 80.91, 'apr': 88.25, 'may': 91.32, 'jun': 98.83, 'jul': 143.69, 'aug': 127.83, 'sep': 100.59, 'oct': 80.93, 'nov': 70.38, 'dec': 86.0}"
Seattle,United States,"SEATTLE SAND POINT WEATHER FORECAST OFFICE, WA US",GHCND:USW00094290,"{'jan': 15.65, 'feb': 13.2, 'mar': 14.45, 'apr': 11.8, 'may': 8.8, 'jun': 7.45, 'jul': 2.8, 'aug': 3.55, 'sep': 7.05, 'oct': 12.05, 'nov': 15.9, 'dec': 15.8}","{'jan': 140.7, 'feb': 85.55, 'mar': 100.96, 'apr': 66.98, 'may': 57.25, 'jun': 41.63, 'jul': 13.99, 'aug': 22.27, 'sep': 52.76, 'oct': 101.06, 'nov': 148.19, 'dec': 141.95}"
Milwaukee,United States,"MILWAUKEE MITCHELL AIRPORT, WI US",GHCND:USW00014839,"{'jan': 7.25, 'feb': 6.75, 'mar': 7.65, 'apr': 9.0, 'may': 9.6, 'jun': 8.65, 'jul': 6.7, 'aug': 7.5, 'sep': 6.65, 'oct': 8.05, 'nov': 6.15, 'dec': 7.45}","{'jan': 40.12, 'feb': 42.17, 'mar': 60.47, 'apr': 98.01, 'may': 94.65, 'jun': 107.66, 'jul': 81.29, 'aug': 86.93, 'sep': 78.43, 'oct': 75.97, 'nov': 53.04, 'dec': 57.97}"
Caracas,Venezuela,"SIMON BOLIVAR INTERNATIONAL, VE",GHCND:VEM00080415,"{'jan': 0.95, 'feb': 0.95, 'mar': 0.9, 'apr': 1.0, 'may': 1.55, 'jun': 1.7, 'jul': 1.9, 'aug': 2.55, 'sep': 2.4, 'oct': 2.2, 'nov': 2.1, 'dec': 1.95}","{'jan': 7.3, 'feb': 18.34, 'mar': 9.25, 'apr': 11.52, 'may': 17.63, 'jun': 18.41, 'jul': 16.62, 'aug': 25.41, 'sep': 26.31, 'oct': 20.35, 'nov': 17.35, 'dec': 18.57}"
